nquest,anmutuo31,anmutuo32,anmutuo33,anmutuo34,debgar31_1,debgar32_1,debgar33_1,debgar34_1,debgar31_2,debgar32_2,debgar33_2,debgar34_2,debgar31_3,debgar32_3,debgar33_3,debgar34_3,debgar31_4,debgar32_4,debgar33_4,debgar34_4,debgar31_5,debgar32_5,debgar33_5,debgar34_5,debm31,debm32,debm33,debm34,debpers31,debpers32,debpers33,debpers34,debrf31,debrf32,debrf33,debrf34,mutuodu31,mutuodu32,mutuodu33,mutuodu34,mutuoin31,mutuoin32,mutuoin33,mutuoin34,taeg11,taeg12,taeg13,taeg14,tdebita31,tdebita32,tdebita33,tdebita34,tipotax31,tipotax32,tipotax33,tipotax34,tmutuoab31,tmutuoab32,tmutuoab33,tmutuoab34
2886,2016,,,,0,,,,0,,,,0,,,,0,,,,1,,,,1,,,,,,,,2,,,,1,,,,2500,,,,8,,,,1200,,,,1,,,,1300,,,
24194,2013,,,,1,,,,0,,,,0,,,,0,,,,0,,,,1,,,,,,,,2,,,,3,,,,30000,,,,4,,,,0,,,,1,,,,9600,,,
27739,2016,,,,0,,,,0,,,,0,,,,0,,,,1,,,,2,,,,,,,,2,,,,1,,,,2000,,,,7,,,,500,,,,1,,,,1500,,,
27912,2016,2016,2016,,1,1,0,,0,0,0,,0,0,0,,0,0,1,,0,0,0,,1,2,2,,,,1,,1,1,1,,4,1,1,,13600,1250,1000,,2,,,,10200,1250,1000,,1,3,3,,3400,1250,1000,
29742,2014,,,,1,,,,0,,,,0,,,,0,,,,0,,,,1,,,,,,,,2,,,,4,,,,22000,,,,5,,,,10000,,,,1,,,,7000,,,
29823,2016,,,,0,,,,0,,,,0,,,,1,,,,0,,,,2,,,,1,,,,1,,,,3,,,,3000,,,,7,,,,2800,,,,1,,,,1200,,,
31625,2016,,,,0,,,,0,,,,0,,,,1,,,,0,,,,4,,,,1,,,,2,,,,2,,,,8000,,,,5,,,,6000,,,,2,,,,1200,,,
31695,2015,2016,,,1,1,,,0,0,,,0,0,,,0,0,,,0,0,,,1,2,,,,,,,2,2,,,4,2,,,13000,600,,,0.4,,,,8500,300,,,1,3,,,3600,1000,,
32734,2016,,,,1,,,,0,,,,0,,,,0,,,,0,,,,1,,,,,,,,2,,,,7,,,,18000,,,,6.7,,,,17600,,,,1,,,,230,,,
32887,2013,,,,0,,,,0,,,,0,,,,1,,,,0,,,,4,,,,1,,,,2,,,,5,,,,25000,,,,8.7,,,,12000,,,,1,,,,6000,,,
35234,2014,2016,,,0,0,,,0,0,,,0,0,,,1,1,,,0,0,,,1,4,,,1,1,,,1,2,,,3,5,,,6000,9000,,,0,9,,,1260,8000,,,1,1,,,2160,2000,,
35507,2015,,,,0,,,,0,,,,0,,,,1,,,,0,,,,1,,,,1,,,,2,,,,5,,,,12000,,,,,,,,7000,,,,3,,,,5500,,,
36893,2012,,,,0,,,,0,,,,0,,,,1,,,,0,,,,4,,,,1,,,,2,,,,5,,,,5000,,,,5.9,,,,1000,,,,1,,,,1000,,,
38095,2015,,,,0,,,,0,,,,0,,,,1,,,,0,,,,1,,,,1,,,,2,,,,4,,,,12000,,,,6,,,,7000,,,,1,,,,4200,,,
38885,2016,,,,0,,,,0,,,,0,,,,1,,,,0,,,,2,,,,1,,,,2,,,,1,,,,530,,,,0,,,,50,,,,2,,,,600,,,
39056,2014,,,,0,,,,0,,,,0,,,,1,,,,0,,,,2,,,,1,,,,2,,,,5,,,,7000,,,,8,,,,4000,,,,2,,,,1700,,,
39491,2015,,,,0,,,,0,,,,0,,,,1,,,,0,,,,1,,,,1,,,,2,,,,4,,,,5000,,,,4,,,,4500,,,,1,,,,1620,,,
91071,2015,,,,0,,,,0,,,,0,,,,1,,,,0,,,,2,,,,1,,,,2,,,,2,,,,1900,,,,1.96,,,,460,,,,1,,,,960,,,
178001,2015,,,,0,,,,0,,,,0,,,,1,,,,0,,,,2,,,,1,,,,1,,,,5,,,,14000,,,,6,,,,10000,,,,1,,,,3600,,,
230037,2016,,,,0,,,,0,,,,0,,,,1,,,,0,,,,1,,,,1,,,,2,,,,3,,,,9000,,,,5,,,,8000,,,,2,,,,1000,,,
243067,2015,,,,1,,,,0,,,,0,,,,0,,,,0,,,,1,,,,,,,,2,,,,5,,,,20000,,,,6,,,,13000,,,,1,,,,4800,,,
250010,2015,,,,0,,,,0,,,,0,,,,0,,,,1,,,,2,,,,,,,,3,,,,1,,,,800,,,,,,,,700,,,,3,,,,360,,,
256015,2011,,,,0,,,,0,,,,0,,,,1,,,,0,,,,1,,,,1,,,,2,,,,7,,,,15000,,,,9,,,,2300,,,,1,,,,2800,,,
505768,2016,,,,0,,,,0,,,,0,,,,1,,,,0,,,,1,,,,1,,,,2,,,,3,,,,8000,,,,,,,,6800,,,,3,,,,1100,,,
506107,2014,,,,0,,,,0,,,,0,,,,1,,,,0,,,,1,,,,1,,,,2,,,,3,,,,5000,,,,2,,,,2000,,,,1,,,,1800,,,
506152,2015,,,,1,,,,0,,,,0,,,,0,,,,0,,,,1,,,,,,,,2,,,,3,,,,15000,,,,6,,,,5000,,,,1,,,,6000,,,
507037,2014,,,,0,,,,0,,,,0,,,,1,,,,0,,,,1,,,,1,,,,2,,,,3,,,,6000,,,,5,,,,900,,,,1,,,,1800,,,
507282,2015,,,,1,,,,0,,,,0,,,,0,,,,0,,,,1,,,,,,,,1,,,,4,,,,9000,,,,,,,,7000,,,,3,,,,2250,,,
507419,2016,,,,0,,,,0,,,,0,,,,1,,,,0,,,,1,,,,1,,,,2,,,,3,,,,8000,,,,,,,,6000,,,,3,,,,2910,,,
507444,2015,,,,0,,,,0,,,,0,,,,1,,,,0,,,,4,,,,1,,,,2,,,,1,,,,2700,,,,,,,,100,,,,3,,,,2770,,,
507544,2016,,,,1,,,,0,,,,0,,,,0,,,,0,,,,1,,,,,,,,2,,,,5,,,,6000,,,,5,,,,5000,,,,1,,,,1000,,,
509068,2010,,,,0,,,,0,,,,0,,,,1,,,,0,,,,4,,,,2,,,,2,,,,10,,,,11000,,,,5,,,,5000,,,,1,,,,2100,,,
510374,2016,,,,0,,,,0,,,,0,,,,1,,,,0,,,,1,,,,1,,,,2,,,,4,,,,5000,,,,6,,,,4000,,,,1,,,,1050,,,
511315,2014,2014,,,1,0,,,0,0,,,0,0,,,0,1,,,0,0,,,1,4,,,,2,,,1,1,,,5,6,,,5000,8000,,,8,7,,,3500,5000,,,1,1,,,1200,2200,,
511629,2016,,,,0,,,,0,,,,0,,,,1,,,,0,,,,1,,,,2,,,,2,,,,3,,,,8500,,,,5.5,,,,8500,,,,1,,,,3500,,,
511757,2013,,,,1,,,,0,,,,0,,,,0,,,,0,,,,1,,,,,,,,1,,,,4,,,,10000,,,,2,,,,3000,,,,1,,,,3000,,,
512843,2014,,,,0,,,,0,,,,0,,,,1,,,,0,,,,1,,,,1,,,,2,,,,4,,,,14000,,,,0,,,,7000,,,,1,,,,3600,,,
611614,2012,2016,2016,2015,0,0,0,0,0,0,0,0,0,0,0,0,1,1,1,1,0,0,0,0,1,2,2,1,1,1,1,1,2,2,2,2,5,1,1,5,12000,480,480,10000,3,,,3.5,1500,440,360,7000,1,3,3,1,3024,80,150,2400
614660,2014,,,,1,,,,0,,,,0,,,,0,,,,0,,,,1,,,,,,,,2,,,,5,,,,12000,,,,5,,,,8160,,,,1,,,,5760,,,
617023,2014,,,,0,,,,0,,,,0,,,,1,,,,0,,,,1,,,,1,,,,1,,,,4,,,,10000,,,,6,,,,3000,,,,1,,,,3000,,,
623281,2013,2014,2015,2016,0,0,0,0,0,0,0,0,0,0,0,0,1,1,1,1,0,0,0,0,4,4,4,4,2,1,1,1,2,1,1,1,10,7,7,7,15000,16000,10000,10000,0.12,12,12,10,10000,14000,9000,9500,1,1,1,1,2900,4800,3180,2600
634144,2016,,,,0,,,,0,,,,0,,,,1,,,,0,,,,1,,,,2,,,,1,,,,3,,,,8000,,,,,,,,8000,,,,3,,,,1000,,,
635346,2015,,,,1,,,,0,,,,0,,,,0,,,,0,,,,1,,,,,,,,2,,,,5,,,,10000,,,,1.7,,,,4500,,,,1,,,,2000,,,
636407,2015,1992,,,0,0,,,0,0,,,0,0,,,1,1,,,0,0,,,2,4,,,1,1,,,2,1,,,5,30,,,10000,30000,,,4,5,,,3000,9000,,,1,1,,,1440,1800,,
639013,2015,2016,,,0,0,,,0,0,,,0,0,,,1,1,,,0,0,,,2,4,,,1,1,,,2,2,,,2,2,,,1775,3000,,,15,15,,,390,2700,,,1,1,,,814,270,,
671136,2004,,,,0,,,,0,,,,0,,,,1,,,,0,,,,4,,,,2,,,,2,,,,13,,,,5000,,,,5.5,,,,600,,,,1,,,,600,,,
671520,2015,,,,0,,,,0,,,,0,,,,1,,,,0,,,,1,,,,1,,,,2,,,,5,,,,7000,,,,4.5,,,,5000,,,,1,,,,1800,,,
671739,2016,,,,1,,,,0,,,,0,,,,0,,,,0,,,,1,,,,,,,,1,,,,4,,,,14000,,,,2,,,,11000,,,,1,,,,3000,,,
671893,2015,,,,1,,,,0,,,,0,,,,0,,,,0,,,,2,,,,,,,,2,,,,2,,,,1200,,,,,,,,600,,,,3,,,,1000,,,
672142,2016,,,,0,,,,0,,,,0,,,,1,,,,0,,,,1,,,,2,,,,1,,,,5,,,,8000,,,,4.53,,,,6000,,,,1,,,,3000,,,
673452,2016,,,,1,,,,0,,,,0,,,,0,,,,0,,,,1,,,,,,,,2,,,,4,,,,39000,,,,4,,,,38000,,,,1,,,,600,,,
674019,2013,2014,,,0,0,,,0,0,,,0,0,,,1,1,,,0,0,,,1,1,,,1,1,,,2,2,,,6,6,,,20000,10000,,,7,7,,,1200,560,,,1,1,,,1560,1340,,
675132,2015,,,,0,,,,0,,,,0,,,,1,,,,0,,,,1,,,,1,,,,2,,,,5,,,,13000,,,,8.5,,,,8000,,,,1,,,,3400,,,
675265,2015,,,,0,,,,0,,,,0,,,,1,,,,0,,,,1,,,,1,,,,2,,,,6,,,,18000,,,,2,,,,15000,,,,1,,,,3300,,,
675334,2016,,,,0,,,,0,,,,0,,,,1,,,,0,,,,1,,,,2,,,,1,,,,10,,,,16000,,,,6,,,,15000,,,,1,,,,2150,,,
677475,2013,,,,0,,,,0,,,,0,,,,1,,,,0,,,,1,,,,1,,,,2,,,,4,,,,15000,,,,0,,,,3000,,,,1,,,,1200,,,
678160,2016,,,,1,,,,0,,,,0,,,,0,,,,0,,,,2,,,,,,,,2,,,,2,,,,5500,,,,2.5,,,,3000,,,,2,,,,3000,,,
680144,2016,,,,0,,,,0,,,,0,,,,1,,,,0,,,,2,,,,1,,,,2,,,,2,,,,2400,,,,,,,,1200,,,,3,,,,1200,,,
680244,2014,,,,0,,,,0,,,,0,,,,1,,,,0,,,,1,,,,1,,,,1,,,,4,,,,8000,,,,3,,,,2000,,,,1,,,,2300,,,
680870,2015,,,,0,,,,0,,,,0,,,,1,,,,0,,,,1,,,,1,,,,2,,,,4,,,,20000,,,,6,,,,19000,,,,2,,,,3500,,,
681520,2013,,,,0,,,,0,,,,0,,,,0,,,,1,,,,1,,,,,,,,2,,,,7,,,,20000,,,,5.5,,,,14500,,,,1,,,,3600,,,
682812,2014,,,,0,,,,0,,,,0,,,,1,,,,0,,,,1,,,,1,,,,2,,,,3,,,,9000,,,,5,,,,250,,,,1,,,,3000,,,
683164,2014,,,,1,,,,0,,,,0,,,,0,,,,0,,,,1,,,,,,,,2,,,,5,,,,20000,,,,3.5,,,,10000,,,,1,,,,4800,,,
683472,2010,2016,2013,,0,0,0,,0,0,0,,0,0,0,,1,1,1,,0,0,0,,1,2,1,,1,1,1,,2,2,2,,6,1,4,,18000,300,16000,,,,,,0,50,1200,,3,3,3,,3000,250,3000,
683861,2015,,,,0,,,,0,,,,0,,,,1,,,,0,,,,4,,,,1,,,,2,,,,5,,,,10000,,,,0.15,,,,8000,,,,1,,,,2500,,,
684000,2016,2014,,,0,0,,,0,0,,,0,0,,,1,1,,,0,0,,,2,2,,,1,1,,,1,1,,,4,4,,,6000,2000,,,8,12,,,5000,600,,,1,1,,,1340,500,,
684326,2016,,,,0,,,,0,,,,0,,,,1,,,,0,,,,2,,,,1,,,,2,,,,1,,,,700,,,,,,,,100,,,,3,,,,600,,,
684328,2008,,,,1,,,,0,,,,0,,,,0,,,,0,,,,1,,,,,,,,2,,,,10,,,,10000,,,,5.2,,,,1650,,,,2,,,,1220,,,
684973,2016,,,,1,,,,0,,,,0,,,,0,,,,0,,,,1,,,,,,,,2,,,,5,,,,20000,,,,4,,,,18000,,,,1,,,,2000,,,
685164,2012,2015,,,0,0,,,0,0,,,0,0,,,1,1,,,0,0,,,1,3,,,1,1,,,2,2,,,5,4,,,20000,15000,,,2,2,,,400,10000,,,1,1,,,4800,4200,,
686634,2014,,,,0,,,,0,,,,0,,,,1,,,,0,,,,1,,,,1,,,,2,,,,5,,,,10000,,,,1,,,,6560,,,,1,,,,2520,,,
687070,2016,,,,0,,,,0,,,,0,,,,1,,,,0,,,,4,,,,1,,,,1,,,,10,,,,10000,,,,7.5,,,,8000,,,,1,,,,2500,,,
687164,2015,,,,0,,,,0,,,,0,,,,1,,,,0,,,,2,,,,1,,,,2,,,,3,,,,5000,,,,0,,,,1200,,,,1,,,,2100,,,
687250,2016,,,,1,,,,0,,,,0,,,,0,,,,0,,,,2,,,,,,,,2,,,,1,,,,2000,,,,,,,,2000,,,,3,,,,2000,,,
687281,2016,,,,1,,,,0,,,,0,,,,0,,,,0,,,,1,,,,,,,,2,,,,5,,,,15000,,,,5.5,,,,11400,,,,1,,,,3600,,,
687304,2014,,,,0,,,,0,,,,0,,,,1,,,,0,,,,1,,,,1,,,,1,,,,3,,,,10000,,,,7,,,,1500,,,,1,,,,3900,,,
687497,2016,,,,1,,,,0,,,,0,,,,0,,,,0,,,,1,,,,,,,,2,,,,3,,,,15000,,,,5,,,,12000,,,,1,,,,1800,,,
687699,2014,2015,,,1,0,,,0,0,,,0,0,,,0,1,,,0,0,,,1,2,,,,1,,,2,2,,,5,1,,,20000,2000,,,4.5,,,,15000,1500,,,1,3,,,4500,500,,
700410,2014,,,,0,,,,0,,,,0,,,,1,,,,0,,,,1,,,,1,,,,2,,,,5,,,,20000,,,,,,,,12000,,,,3,,,,4000,,,
700752,2013,,,,1,,,,0,,,,0,,,,0,,,,0,,,,1,,,,,,,,2,,,,4,,,,11000,,,,6.7,,,,3500,,,,1,,,,3200,,,
701536,2016,,,,0,,,,0,,,,0,,,,1,,,,0,,,,1,,,,1,,,,2,,,,4,,,,21000,,,,4,,,,17000,,,,1,,,,2800,,,
705513,2016,,,,1,,,,0,,,,0,,,,0,,,,0,,,,1,,,,,,,,2,,,,3,,,,8300,,,,2.5,,,,7000,,,,1,,,,1600,,,
707253,2015,,,,1,,,,0,,,,0,,,,0,,,,0,,,,1,,,,,,,,1,,,,10,,,,30000,,,,10.8,,,,29000,,,,1,,,,5250,,,
712141,2015,,,,0,,,,0,,,,0,,,,1,,,,0,,,,1,,,,1,,,,2,,,,3,,,,8000,,,,1,,,,2000,,,,1,,,,2400,,,
712148,2013,,,,0,,,,0,,,,0,,,,0,,,,1,,,,1,,,,,,,,2,,,,6,,,,13000,,,,3,,,,6000,,,,1,,,,2600,,,
714021,2016,,,,0,,,,0,,,,0,,,,1,,,,0,,,,2,,,,1,,,,2,,,,1,,,,700,,,,,,,,50,,,,3,,,,700,,,
716937,2016,,,,0,,,,0,,,,0,,,,1,,,,0,,,,1,,,,1,,,,2,,,,5,,,,8000,,,,,,,,6000,,,,3,,,,1800,,,
717312,2016,,,,0,,,,0,,,,0,,,,1,,,,0,,,,4,,,,1,,,,2,,,,5,,,,11760,,,,6,,,,10080,,,,1,,,,1680,,,
717409,2015,2015,,,0,0,,,0,0,,,0,0,,,1,1,,,0,0,,,1,1,,,1,1,,,1,2,,,4,4,,,10000,12000,,,6.56,6.7,,,5000,7000,,,1,1,,,2880,4800,,
717858,2016,,,,0,,,,0,,,,0,,,,1,,,,0,,,,1,,,,1,,,,2,,,,6,,,,22500,,,,,,,,21000,,,,3,,,,1500,,,
719963,2015,,,,0,,,,0,,,,0,,,,1,,,,0,,,,4,,,,1,,,,2,,,,3,,,,15000,,,,5,,,,6840,,,,1,,,,8160,,,
720163,2016,,,,1,,,,0,,,,0,,,,0,,,,0,,,,4,,,,,,,,1,,,,10,,,,30000,,,,12,,,,25800,,,,1,,,,4200,,,
720209,2014,,,,0,,,,0,,,,0,,,,1,,,,0,,,,2,,,,1,,,,2,,,,3,,,,1500,,,,,,,,50,,,,3,,,,700,,,
721548,2016,,,,1,,,,0,,,,0,,,,0,,,,0,,,,1,,,,,,,,1,,,,7,,,,14500,,,,,,,,14000,,,,3,,,,1100,,,
722310,2016,,,,0,,,,0,,,,0,,,,1,,,,0,,,,1,,,,1,,,,2,,,,3,,,,18000,,,,7.3,,,,16000,,,,1,,,,2000,,,
722331,2016,,,,0,,,,0,,,,0,,,,1,,,,0,,,,1,,,,1,,,,2,,,,2,,,,15000,,,,8.61,,,,12000,,,,1,,,,2700,,,
723207,2014,,,,0,,,,0,,,,0,,,,1,,,,0,,,,1,,,,1,,,,2,,,,3,,,,10000,,,,6,,,,1000,,,,1,,,,3600,,,
728148,2016,,,,1,,,,0,,,,0,,,,0,,,,0,,,,1,,,,,,,,1,,,,5,,,,13200,,,,3,,,,10560,,,,1,,,,2640,,,
728493,2016,,,,0,,,,0,,,,0,,,,1,,,,0,,,,4,,,,1,,,,2,,,,4,,,,8000,,,,,,,,4000,,,,3,,,,2800,,,
728547,2014,,,,0,,,,0,,,,0,,,,1,,,,0,,,,1,,,,1,,,,2,,,,4,,,,10000,,,,5,,,,3000,,,,1,,,,3000,,,
730901,2016,,,,0,,,,0,,,,0,,,,1,,,,0,,,,1,,,,1,,,,2,,,,4,,,,8000,,,,4,,,,6000,,,,1,,,,2000,,,
732013,2015,,,,1,,,,0,,,,0,,,,0,,,,0,,,,1,,,,,,,,2,,,,5,,,,8500,,,,7.9,,,,6486,,,,1,,,,2100,,,
733216,2012,,,,0,,,,1,,,,0,,,,0,,,,0,,,,4,,,,,,,,2,,,,10,,,,10000,,,,4,,,,5000,,,,1,,,,1500,,,
735621,2015,2015,,,0,0,,,1,0,,,0,0,,,0,1,,,0,0,,,1,1,,,,1,,,2,2,,,5,2,,,16000,3000,,,5,,,,14500,1350,,,1,3,,,3600,1440,,
735659,2015,,,,0,,,,0,,,,0,,,,1,,,,0,,,,2,,,,1,,,,2,,,,2,,,,2500,,,,,,,,800,,,,3,,,,1200,,,
736010,2015,,,,0,,,,0,,,,0,,,,1,,,,0,,,,1,,,,1,,,,2,,,,3,,,,6000,,,,0,,,,2300,,,,1,,,,2200,,,
736935,2015,,,,0,,,,0,,,,0,,,,1,,,,0,,,,1,,,,1,,,,2,,,,4,,,,8000,,,,4,,,,4000,,,,1,,,,2000,,,
737902,2015,,,,0,,,,0,,,,0,,,,1,,,,0,,,,1,,,,1,,,,2,,,,5,,,,12400,,,,7,,,,7500,,,,1,,,,3360,,,
800010,2010,,,,0,,,,0,,,,0,,,,1,,,,0,,,,4,,,,1,,,,2,,,,10,,,,8000,,,,3,,,,500,,,,1,,,,2160,,,
800702,2015,,,,1,,,,0,,,,0,,,,0,,,,0,,,,1,,,,,,,,2,,,,3,,,,4500,,,,12.44,,,,2000,,,,1,,,,1500,,,
800901,2013,,,,0,,,,0,,,,0,,,,1,,,,0,,,,4,,,,1,,,,2,,,,4,,,,15000,,,,2,,,,5000,,,,1,,,,4000,,,
801221,2013,,,,0,,,,0,,,,0,,,,1,,,,0,,,,1,,,,1,,,,2,,,,7,,,,14000,,,,5,,,,5000,,,,1,,,,2160,,,
801279,2016,,,,1,,,,0,,,,0,,,,0,,,,0,,,,1,,,,,,,,2,,,,5,,,,10000,,,,4,,,,9400,,,,1,,,,600,,,
801803,2015,,,,1,,,,0,,,,0,,,,0,,,,0,,,,2,,,,,,,,2,,,,2,,,,2400,,,,7.8,,,,800,,,,1,,,,1236,,,
801966,2012,,,,0,,,,0,,,,0,,,,1,,,,0,,,,4,,,,2,,,,2,,,,5,,,,10000,,,,2.5,,,,2500,,,,1,,,,3350,,,
801972,2016,,,,0,,,,0,,,,0,,,,1,,,,0,,,,4,,,,2,,,,2,,,,10,,,,30000,,,,5.5,,,,29500,,,,1,,,,1000,,,
802914,2009,,,,0,,,,0,,,,0,,,,1,,,,0,,,,4,,,,2,,,,2,,,,10,,,,20000,,,,5,,,,6000,,,,1,,,,3000,,,
803483,2016,,,,0,,,,0,,,,0,,,,1,,,,0,,,,2,,,,1,,,,2,,,,1,,,,2000,,,,,,,,1400,,,,3,,,,600,,,
804534,2016,,,,0,,,,0,,,,0,,,,1,,,,0,,,,4,,,,1,,,,2,,,,4,,,,4200,,,,,,,,3800,,,,3,,,,550,,,
805227,2016,,,,0,,,,0,,,,0,,,,1,,,,0,,,,4,,,,1,,,,1,,,,5,,,,10000,,,,6.7,,,,9000,,,,1,,,,2000,,,
805330,2016,2016,,,1,1,,,0,0,,,0,0,,,0,0,,,0,0,,,2,2,,,,,,,2,2,,,3,3,,,1000,3000,,,7,7,,,600,2500,,,1,1,,,500,500,,
806282,2016,,,,0,,,,0,,,,0,,,,1,,,,0,,,,1,,,,1,,,,2,,,,20,,,,7000,,,,,,,,4000,,,,3,,,,2300,,,
806983,2016,,,,1,,,,0,,,,0,,,,0,,,,0,,,,1,,,,,,,,2,,,,5,,,,12000,,,,6.1,,,,10500,,,,1,,,,2664,,,
807142,2014,2014,,,1,1,,,0,0,,,0,0,,,0,0,,,0,0,,,1,1,,,,,,,2,2,,,4,4,,,35000,25000,,,3,3,,,15000,17000,,,1,1,,,8400,6000,,
807146,2012,,,,1,,,,0,,,,0,,,,0,,,,0,,,,1,,,,,,,,2,,,,5,,,,12000,,,,7.75,,,,2000,,,,1,,,,3600,,,
808182,2016,,,,0,,,,0,,,,0,,,,1,,,,0,,,,2,,,,1,,,,2,,,,2,,,,840,,,,,,,,420,,,,3,,,,500,,,
808712,2015,,,,0,,,,0,,,,0,,,,1,,,,0,,,,2,,,,1,,,,2,,,,2,,,,5000,,,,,,,,250,,,,3,,,,3000,,,
809488,2015,2016,,,1,1,,,0,0,,,0,0,,,0,0,,,0,0,,,1,2,,,,,,,2,2,,,5,1,,,11900,1000,,,4.5,3,,,9200,830,,,1,1,,,,,,
819517,2015,,,,0,,,,0,,,,0,,,,1,,,,0,,,,2,,,,1,,,,2,,,,2,,,,2000,,,,,,,,1500,,,,3,,,,500,,,
820171,2012,,,,0,,,,1,,,,0,,,,0,,,,0,,,,4,,,,,,,,1,,,,15,,,,25000,,,,5,,,,20000,,,,1,,,,7200,,,
820707,2014,,,,0,,,,0,,,,0,,,,1,,,,0,,,,4,,,,1,,,,2,,,,6,,,,10000,,,,4.75,,,,7500,,,,2,,,,2600,,,
824808,2016,,,,0,,,,0,,,,0,,,,1,,,,0,,,,2,,,,1,,,,2,,,,2,,,,2000,,,,,,,,1000,,,,3,,,,1000,,,
826456,2015,2016,,,0,0,,,0,0,,,0,0,,,1,1,,,0,0,,,1,1,,,1,1,,,2,2,,,3,1,,,5500,3200,,,5.9,7.9,,,2800,1600,,,1,1,,,2160,1600,,
850013,2014,2016,,,0,0,,,0,0,,,0,0,,,1,1,,,0,0,,,1,1,,,1,1,,,2,2,,,4,4,,,12000,6000,,,7.5,7.5,,,3000,5800,,,1,1,,,3600,1000,,
851172,2014,,,,0,,,,0,,,,0,,,,1,,,,0,,,,1,,,,1,,,,2,,,,3,,,,12000,,,,,,,,2000,,,,3,,,,4800,,,
854306,2016,,,,1,,,,0,,,,0,,,,0,,,,0,,,,1,,,,,,,,2,,,,3,,,,14200,,,,3.6,,,,11986,,,,1,,,,2214,,,
854435,2016,,,,0,,,,0,,,,0,,,,1,,,,0,,,,4,,,,1,,,,2,,,,10,,,,8000,,,,,,,,8000,,,,3,,,,1200,,,
856688,2015,,,,1,,,,0,,,,0,,,,0,,,,0,,,,1,,,,,,,,2,,,,5,,,,11000,,,,7,,,,7500,,,,1,,,,3000,,,
857273,2013,,,,0,,,,0,,,,0,,,,1,,,,0,,,,1,,,,1,,,,2,,,,5,,,,10000,,,,3,,,,2400,,,,1,,,,2400,,,
857353,2007,,,,0,,,,1,,,,0,,,,0,,,,0,,,,4,,,,,,,,1,,,,15,,,,30000,,,,6,,,,28000,,,,2,,,,5000,,,
857514,2016,,,,0,,,,0,,,,0,,,,1,,,,0,,,,1,,,,1,,,,2,,,,4,,,,10000,,,,5.9,,,,9000,,,,1,,,,1000,,,
859459,2016,,,,0,,,,0,,,,0,,,,1,,,,0,,,,1,,,,1,,,,2,,,,3,,,,5000,,,,,,,,4500,,,,3,,,,1220,,,
860704,2014,,,,1,,,,0,,,,0,,,,0,,,,0,,,,1,,,,,,,,2,,,,6,,,,15000,,,,,,,,5200,,,,3,,,,,,,
860940,2014,,,,0,,,,0,,,,0,,,,1,,,,0,,,,2,,,,1,,,,2,,,,10,,,,12000,,,,5,,,,9000,,,,1,,,,11000,,,
863239,2016,,,,0,,,,0,,,,0,,,,1,,,,0,,,,2,,,,1,,,,2,,,,5,,,,6500,,,,5.4,,,,5500,,,,1,,,,1000,,,
863397,2016,,,,1,,,,0,,,,0,,,,0,,,,0,,,,1,,,,,,,,2,,,,4,,,,25000,,,,5.76,,,,23000,,,,1,,,,2000,,,
863863,2016,,,,0,,,,0,,,,0,,,,1,,,,0,,,,1,,,,1,,,,2,,,,3,,,,10000,,,,3,,,,7000,,,,1,,,,3000,,,
865357,2015,,,,0,,,,0,,,,0,,,,1,,,,0,,,,1,,,,1,,,,2,,,,3,,,,5500,,,,7,,,,4000,,,,1,,,,2070,,,
865780,2016,,,,0,,,,0,,,,0,,,,1,,,,0,,,,4,,,,1,,,,2,,,,5,,,,12000,,,,2.5,,,,10000,,,,1,,,,2600,,,
867462,2006,2015,2016,,0,0,0,,0,0,0,,0,0,0,,1,1,1,,0,0,0,,1,1,1,,1,1,1,,1,2,3,,12,4,2,,21000,4000,1000,,5.9,5.9,7.5,,3000,2000,500,,1,1,1,,3300,1700,500,
871191,2014,,,,0,,,,0,,,,0,,,,1,,,,0,,,,1,,,,1,,,,2,,,,4,,,,20000,,,,,,,,10000,,,,3,,,,5000,,,
871470,2015,,,,1,,,,0,,,,0,,,,0,,,,0,,,,1,,,,,,,,2,,,,4,,,,15000,,,,3.5,,,,9000,,,,1,,,,4500,,,
872199,2016,2016,,,0,0,,,0,0,,,0,0,,,1,1,,,0,0,,,1,2,,,1,1,,,2,2,,,5,2,,,10000,1600,,,,,,,7600,840,,,3,3,,,2400,840,,
872434,2013,,,,0,,,,0,,,,0,,,,1,,,,0,,,,1,,,,1,,,,2,,,,3,,,,20000,,,,,,,,8500,,,,3,,,,6000,,,
872747,2016,,,,0,,,,0,,,,0,,,,1,,,,0,,,,2,,,,1,,,,2,,,,2,,,,1800,,,,,,,,1000,,,,3,,,,80,,,
872930,2013,,,,0,,,,0,,,,0,,,,1,,,,0,,,,2,,,,1,,,,2,,,,7,,,,18000,,,,4,,,,5000,,,,1,,,,3500,,,
872963,2016,,,,0,,,,0,,,,0,,,,1,,,,0,,,,1,,,,1,,,,2,,,,4,,,,10000,,,,,,,,8000,,,,3,,,,1980,,,
873194,2014,,,,1,,,,0,,,,0,,,,0,,,,0,,,,1,,,,,,,,2,,,,5,,,,10000,,,,,,,,6000,,,,3,,,,2400,,,
873280,2016,,,,1,,,,0,,,,0,,,,0,,,,0,,,,1,,,,,,,,2,,,,4,,,,9900,,,,6.35,,,,9630,,,,1,,,,2222,,,
873299,2016,,,,1,,,,0,,,,0,,,,0,,,,0,,,,1,,,,,,,,2,,,,4,,,,18650,,,,7.98,,,,14767,,,,1,,,,2332,,,
874213,2015,,,,0,,,,0,,,,0,,,,1,,,,0,,,,1,,,,1,,,,2,,,,2,,,,3000,,,,8,,,,300,,,,1,,,,1800,,,
874325,2014,,,,0,,,,0,,,,0,,,,1,,,,0,,,,1,,,,1,,,,2,,,,7,,,,21000,,,,3,,,,14000,,,,1,,,,3360,,,
874376,2016,,,,0,,,,0,,,,0,,,,1,,,,0,,,,1,,,,2,,,,2,,,,5,,,,5000,,,,,,,,4300,,,,3,,,,700,,,
874515,2015,,,,0,,,,0,,,,0,,,,1,,,,0,,,,1,,,,1,,,,2,,,,3,,,,23000,,,,7.4,,,,20000,,,,1,,,,3600,,,
874517,2014,2016,,,0,0,,,0,0,,,0,0,,,1,1,,,0,0,,,1,2,,,1,1,,,1,2,,,5,1,,,16000,1700,,,0,,,,10000,1100,,,1,3,,,3600,,,
874670,2005,,,,0,,,,0,,,,0,,,,1,,,,0,,,,4,,,,2,,,,2,,,,20,,,,5000,,,,10,,,,4000,,,,2,,,,2500,,,
874717,2016,,,,0,,,,0,,,,0,,,,1,,,,0,,,,1,,,,1,,,,2,,,,5,,,,10000,,,,7.9,,,,8600,,,,1,,,,1400,,,
874761,2012,,,,0,,,,0,,,,0,,,,1,,,,0,,,,1,,,,1,,,,2,,,,5,,,,13000,,,,,,,,2500,,,,3,,,,2600,,,
875139,2016,,,,0,,,,0,,,,0,,,,1,,,,0,,,,1,,,,1,,,,1,,,,10,,,,12000,,,,8,,,,11000,,,,1,,,,2000,,,
875211,2015,,,,0,,,,0,,,,0,,,,1,,,,0,,,,2,,,,1,,,,2,,,,5,,,,10000,,,,7.3,,,,8500,,,,1,,,,2200,,,
875217,2013,,,,0,,,,0,,,,0,,,,1,,,,0,,,,1,,,,1,,,,2,,,,5,,,,9420,,,,5,,,,3700,,,,1,,,,1880,,,
875280,2015,,,,0,,,,0,,,,0,,,,1,,,,0,,,,1,,,,1,,,,2,,,,3,,,,8000,,,,4,,,,3000,,,,1,,,,3000,,,
875382,2016,,,,0,,,,0,,,,0,,,,1,,,,0,,,,2,,,,1,,,,2,,,,2,,,,1200,,,,,,,,600,,,,3,,,,600,,,
875523,2016,,,,0,,,,0,,,,0,,,,1,,,,0,,,,2,,,,1,,,,2,,,,1,,,,2600,,,,,,,,1560,,,,3,,,,720,,,
875855,2015,,,,1,,,,0,,,,0,,,,0,,,,0,,,,4,,,,,,,,1,,,,5,,,,20000,,,,3.5,,,,15000,,,,2,,,,5000,,,
876023,2015,,,,0,,,,0,,,,0,,,,1,,,,0,,,,2,,,,1,,,,1,,,,5,,,,5000,,,,5,,,,3000,,,,1,,,,1200,,,
877653,2016,,,,1,,,,0,,,,0,,,,0,,,,0,,,,2,,,,,,,,2,,,,2,,,,5000,,,,3.5,,,,3500,,,,1,,,,1610,,,
877751,2015,,,,0,,,,0,,,,0,,,,0,,,,1,,,,1,,,,,,,,2,,,,4,,,,8000,,,,8,,,,5000,,,,1,,,,2800,,,
878002,2016,,,,0,,,,0,,,,0,,,,1,,,,0,,,,4,,,,1,,,,2,,,,6,,,,7000,,,,7.6,,,,6500,,,,1,,,,500,,,
878292,2015,,,,1,,,,0,,,,0,,,,0,,,,0,,,,4,,,,,,,,1,,,,4,,,,10000,,,,0.4,,,,4000,,,,2,,,,6000,,,
878316,2016,,,,1,,,,0,,,,0,,,,0,,,,0,,,,1,,,,,,,,2,,,,4,,,,14000,,,,2.5,,,,11500,,,,1,,,,2500,,,
878831,2016,2016,,,0,0,,,0,0,,,0,0,,,1,1,,,0,0,,,1,4,,,1,1,,,2,2,,,5,1,,,10000,300,,,5.5,,,,9000,60,,,1,3,,,1000,240,,
879257,2015,,,,0,,,,0,,,,0,,,,1,,,,0,,,,1,,,,1,,,,2,,,,3,,,,14000,,,,2.5,,,,8000,,,,1,,,,3000,,,
879844,2016,,,,1,,,,0,,,,0,,,,0,,,,0,,,,2,,,,,,,,1,,,,1,,,,1000,,,,,,,,500,,,,3,,,,500,,,
879943,2015,,,,0,,,,0,,,,0,,,,1,,,,0,,,,1,,,,1,,,,2,,,,6,,,,14500,,,,6.5,,,,12000,,,,1,,,,3000,,,
879958,2014,,,,1,,,,0,,,,0,,,,0,,,,0,,,,1,,,,,,,,2,,,,5,,,,11000,,,,,,,,5420,,,,3,,,,2760,,,
880066,2016,,,,0,,,,0,,,,0,,,,1,,,,0,,,,1,,,,1,,,,2,,,,3,,,,7000,,,,3,,,,6500,,,,1,,,,500,,,
880072,2016,,,,0,,,,0,,,,0,,,,1,,,,0,,,,1,,,,1,,,,2,,,,4,,,,25000,,,,4,,,,20000,,,,1,,,,7000,,,
880181,2016,,,,0,,,,0,,,,0,,,,1,,,,0,,,,2,,,,1,,,,2,,,,1,,,,1400,,,,,,,,700,,,,3,,,,700,,,
880827,2015,,,,1,,,,0,,,,0,,,,0,,,,0,,,,1,,,,,,,,2,,,,4,,,,18000,,,,0.3,,,,8000,,,,2,,,,3600,,,
880861,2015,,,,1,,,,0,,,,0,,,,0,,,,0,,,,1,,,,,,,,1,,,,3,,,,3500,,,,,,,,2000,,,,3,,,,1500,,,
880912,2016,,,,0,,,,0,,,,0,,,,1,,,,0,,,,5,,,,1,,,,2,,,,3,,,,12000,,,,5,,,,9000,,,,1,,,,3000,,,
881028,2015,,,,0,,,,0,,,,0,,,,1,,,,0,,,,1,,,,1,,,,1,,,,3,,,,6000,,,,3,,,,3360,,,,1,,,,3360,,,
881284,2014,,,,1,,,,0,,,,0,,,,0,,,,0,,,,2,,,,,,,,2,,,,5,,,,20000,,,,11,,,,8000,,,,1,,,,5000,,,
881550,2016,,,,0,,,,0,,,,0,,,,1,,,,0,,,,1,,,,1,,,,2,,,,3,,,,10000,,,,,,,,7500,,,,3,,,,1500,,,
881700,2016,,,,0,,,,0,,,,0,,,,1,,,,0,,,,1,,,,1,,,,2,,,,5,,,,13500,,,,,,,,12000,,,,3,,,,3000,,,
882203,2015,,,,0,,,,0,,,,0,,,,0,,,,1,,,,2,,,,,,,,1,,,,2,,,,2400,,,,,,,,600,,,,3,,,,1200,,,
882211,2015,2016,,,1,0,,,0,0,,,0,0,,,0,0,,,0,1,,,1,2,,,,,,,1,2,,,6,1,,,12000,780,,,6,,,,9800,500,,,1,3,,,3000,580,,
882635,2014,,,,0,,,,0,,,,0,,,,1,,,,0,,,,1,,,,1,,,,2,,,,4,,,,7000,,,,0,,,,1000,,,,1,,,,1300,,,
882927,2016,,,,0,,,,0,,,,0,,,,1,,,,0,,,,1,,,,1,,,,1,,,,5,,,,9200,,,,2,,,,8000,,,,1,,,,2000,,,
883356,2016,,,,0,,,,0,,,,0,,,,1,,,,0,,,,1,,,,1,,,,1,,,,3,,,,3000,,,,10,,,,2485,,,,1,,,,515,,,
883392,2015,,,,1,,,,0,,,,0,,,,0,,,,0,,,,1,,,,,,,,2,,,,3,,,,15000,,,,,,,,7000,,,,3,,,,6000,,,
883754,2014,,,,1,,,,0,,,,0,,,,0,,,,0,,,,1,,,,,,,,2,,,,3,,,,25000,,,,6,,,,8000,,,,1,,,,7500,,,
883762,2015,,,,0,,,,0,,,,0,,,,1,,,,0,,,,5,,,,1,,,,2,,,,2,,,,3000,,,,13,,,,1200,,,,1,,,,1400,,,
883763,2012,,,,1,,,,0,,,,0,,,,0,,,,0,,,,1,,,,,,,,1,,,,7,,,,40211,,,,12,,,,14000,,,,1,,,,6000,,,
883833,2014,,,,0,,,,0,,,,0,,,,1,,,,0,,,,4,,,,1,,,,2,,,,6,,,,25000,,,,8,,,,12000,,,,2,,,,6000,,,
884101,2016,,,,0,,,,0,,,,0,,,,1,,,,0,,,,4,,,,1,,,,2,,,,2,,,,2000,,,,4.9,,,,1300,,,,1,,,,700,,,
884678,2016,,,,0,,,,0,,,,0,,,,1,,,,0,,,,1,,,,1,,,,2,,,,4,,,,15000,,,,6.7,,,,14200,,,,1,,,,800,,,
884802,2015,,,,0,,,,0,,,,0,,,,1,,,,0,,,,1,,,,1,,,,2,,,,3,,,,10000,,,,8,,,,5000,,,,1,,,,5000,,,
884968,2014,,,,0,,,,0,,,,0,,,,1,,,,0,,,,1,,,,1,,,,2,,,,2,,,,5000,,,,4,,,,0,,,,1,,,,2500,,,
884972,2016,,,,0,,,,0,,,,0,,,,1,,,,0,,,,4,,,,1,,,,1,,,,5,,,,21000,,,,3.7,,,,20500,,,,1,,,,500,,,
885318,2013,,,,1,,,,0,,,,0,,,,0,,,,0,,,,1,,,,,,,,2,,,,6,,,,16000,,,,5,,,,7000,,,,2,,,,2400,,,
885625,2014,2012,2016,,0,0,0,,0,0,0,,0,0,0,,1,1,1,,0,0,0,,4,4,4,,1,2,1,,1,1,2,,4,5,2,,6000,7000,2000,,4,3,3,,4800,952,1000,,1,1,1,,2400,1512,1000,
885634,2016,,,,0,,,,0,,,,0,,,,1,,,,0,,,,1,,,,1,,,,1,,,,4,,,,8000,,,,2,,,,6500,,,,1,,,,1000,,,
886226,2015,,,,0,,,,0,,,,0,,,,1,,,,0,,,,1,,,,1,,,,2,,,,3,,,,10800,,,,6.35,,,,5700,,,,1,,,,3600,,,
886419,2016,,,,0,,,,0,,,,0,,,,1,,,,0,,,,3,,,,2,,,,2,,,,3,,,,5000,,,,8,,,,4200,,,,1,,,,800,,,
886721,2016,,,,0,,,,0,,,,0,,,,1,,,,0,,,,1,,,,1,,,,2,,,,4,,,,4000,,,,5,,,,3300,,,,1,,,,700,,,
886851,2015,,,,1,,,,0,,,,0,,,,0,,,,0,,,,1,,,,,,,,2,,,,2,,,,8000,,,,0.5,,,,4000,,,,1,,,,4000,,,
887734,2016,,,,1,,,,0,,,,0,,,,0,,,,0,,,,1,,,,,,,,2,,,,3,,,,10000,,,,5,,,,8000,,,,1,,,,2200,,,
887762,2014,,,,1,,,,0,,,,0,,,,0,,,,0,,,,1,,,,,,,,2,,,,6,,,,12000,,,,9,,,,8000,,,,1,,,,2352,,,
887863,2016,,,,0,,,,0,,,,0,,,,1,,,,0,,,,1,,,,1,,,,1,,,,1,,,,1500,,,,,,,,1500,,,,3,,,,1500,,,
888377,2013,2015,2016,,0,0,0,,0,0,0,,0,0,0,,1,1,1,,0,0,0,,5,5,5,,1,1,1,,2,1,1,,10,8,4,,30000,15000,3100,,7.5,7,7,,16000,13000,900,,1,1,1,,4992,2600,2200,
888425,2015,,,,0,,,,0,,,,0,,,,1,,,,0,,,,1,,,,1,,,,2,,,,5,,,,30000,,,,0.3,,,,22000,,,,1,,,,6000,,,
888515,2012,,,,0,,,,0,,,,0,,,,1,,,,0,,,,1,,,,1,,,,2,,,,5,,,,7500,,,,,,,,1500,,,,3,,,,1800,,,
888848,2015,,,,1,,,,0,,,,0,,,,0,,,,0,,,,1,,,,,,,,1,,,,10,,,,15000,,,,1.5,,,,10000,,,,1,,,,1000,,,
889047,2015,,,,0,,,,0,,,,0,,,,1,,,,0,,,,2,,,,1,,,,2,,,,2,,,,2000,,,,0,,,,1000,,,,1,,,,960,,,
889173,2015,,,,0,,,,0,,,,0,,,,1,,,,0,,,,2,,,,1,,,,2,,,,5,,,,2000,,,,7.2,,,,1300,,,,1,,,,600,,,
889192,2016,,,,1,,,,0,,,,0,,,,0,,,,0,,,,1,,,,,,,,2,,,,5,,,,20000,,,,,,,,19500,,,,3,,,,1000,,,
889727,2016,,,,0,,,,0,,,,0,,,,1,,,,0,,,,4,,,,1,,,,2,,,,10,,,,32560,,,,7,,,,30160,,,,1,,,,2400,,,
891435,2016,,,,0,,,,0,,,,0,,,,0,,,,1,,,,4,,,,,,,,2,,,,5,,,,7000,,,,9,,,,6500,,,,1,,,,500,,,
891688,2014,,,,0,,,,0,,,,0,,,,1,,,,0,,,,4,,,,2,,,,2,,,,5,,,,5000,,,,8,,,,2000,,,,1,,,,1400,,,
891724,2016,,,,1,,,,0,,,,0,,,,0,,,,0,,,,1,,,,,,,,2,,,,8,,,,20000,,,,7,,,,16000,,,,1,,,,4000,,,
892076,2015,,,,1,,,,0,,,,0,,,,0,,,,0,,,,1,,,,,,,,2,,,,3,,,,18000,,,,3,,,,6000,,,,1,,,,6000,,,
892238,2016,,,,1,,,,0,,,,0,,,,0,,,,0,,,,1,,,,,,,,2,,,,4,,,,11000,,,,6.6,,,,10000,,,,1,,,,2540,,,
892838,2014,,,,0,,,,0,,,,0,,,,1,,,,0,,,,4,,,,1,,,,2,,,,7,,,,30000,,,,12,,,,17000,,,,1,,,,5472,,,
893062,2015,,,,0,,,,0,,,,0,,,,1,,,,0,,,,1,,,,1,,,,2,,,,4,,,,10000,,,,5,,,,8000,,,,1,,,,3240,,,
893466,2014,,,,0,,,,0,,,,0,,,,1,,,,0,,,,1,,,,1,,,,1,,,,5,,,,8500,,,,7,,,,3500,,,,1,,,,1700,,,
894447,2016,,,,0,,,,0,,,,0,,,,1,,,,0,,,,1,,,,1,,,,2,,,,5,,,,10000,,,,3.5,,,,9000,,,,1,,,,2000,,,
894607,2015,,,,0,,,,0,,,,0,,,,1,,,,0,,,,1,,,,1,,,,2,,,,4,,,,14000,,,,6.5,,,,7000,,,,1,,,,3600,,,
894987,2014,,,,0,,,,0,,,,0,,,,1,,,,0,,,,2,,,,1,,,,2,,,,3,,,,3500,,,,,,,,370,,,,3,,,,1080,,,
895382,2014,,,,0,,,,0,,,,1,,,,0,,,,0,,,,4,,,,,,,,2,,,,10,,,,20000,,,,1.9,,,,15000,,,,1,,,,4000,,,
895479,2012,,,,0,,,,0,,,,0,,,,1,,,,0,,,,4,,,,2,,,,2,,,,10,,,,30000,,,,12.5,,,,18000,,,,1,,,,4500,,,
895624,2016,,,,0,,,,0,,,,0,,,,1,,,,0,,,,1,,,,1,,,,2,,,,20,,,,18000,,,,7.5,,,,16000,,,,1,,,,2000,,,
896875,2013,,,,1,,,,0,,,,0,,,,0,,,,0,,,,1,,,,,,,,2,,,,5,,,,14000,,,,6.5,,,,3000,,,,1,,,,3120,,,
897676,2015,,,,1,,,,0,,,,0,,,,0,,,,0,,,,1,,,,,,,,1,,,,10,,,,10000,,,,3,,,,5000,,,,1,,,,2400,,,
897870,2016,,,,0,,,,0,,,,0,,,,1,,,,0,,,,2,,,,1,,,,2,,,,2,,,,750,,,,,,,,570,,,,3,,,,180,,,
898208,2015,,,,0,,,,0,,,,0,,,,1,,,,0,,,,1,,,,1,,,,2,,,,7,,,,8000,,,,0.8,,,,7000,,,,1,,,,1200,,,
899500,2016,,,,0,,,,0,,,,0,,,,1,,,,0,,,,1,,,,1,,,,2,,,,3,,,,10000,,,,6,,,,7000,,,,1,,,,680,,,
899922,2015,,,,0,,,,0,,,,0,,,,1,,,,0,,,,1,,,,2,,,,2,,,,5,,,,17000,,,,10,,,,11000,,,,1,,,,5200,,,
900638,2015,,,,1,,,,0,,,,0,,,,0,,,,0,,,,2,,,,,,,,1,,,,2,,,,2500,,,,,,,,500,,,,3,,,,,,,
901800,2012,,,,1,,,,0,,,,0,,,,0,,,,0,,,,1,,,,,,,,1,,,,5,,,,6000,,,,4,,,,2000,,,,2,,,,1200,,,
902401,2011,,,,1,,,,0,,,,0,,,,0,,,,0,,,,1,,,,,,,,2,,,,5,,,,17000,,,,8,,,,3500,,,,1,,,,3500,,,
902916,2015,,,,1,,,,0,,,,0,,,,0,,,,0,,,,1,,,,,,,,2,,,,3,,,,24000,,,,5,,,,1500,,,,1,,,,3650,,,
903018,2016,,,,1,,,,0,,,,0,,,,0,,,,0,,,,1,,,,,,,,2,,,,6,,,,20000,,,,,,,,19000,,,,3,,,,1000,,,
903660,2016,,,,0,,,,0,,,,0,,,,1,,,,0,,,,2,,,,1,,,,2,,,,2,,,,1700,,,,,,,,850,,,,3,,,,800,,,
904164,2016,,,,0,,,,0,,,,0,,,,1,,,,0,,,,1,,,,1,,,,2,,,,4,,,,12000,,,,6,,,,10500,,,,1,,,,1500,,,
904259,2016,,,,0,,,,0,,,,0,,,,1,,,,0,,,,1,,,,1,,,,2,,,,5,,,,6000,,,,6.9,,,,5800,,,,1,,,,600,,,
904907,2016,2015,,,0,0,,,0,0,,,0,0,,,1,1,,,0,0,,,1,4,,,1,2,,,1,1,,,3,10,,,5700,7000,,,4,3.5,,,4632,4948,,,1,1,,,1068,2052,,
905217,2009,,,,0,,,,0,,,,0,,,,0,,,,1,,,,2,,,,,,,,2,,,,10,,,,25000,,,,7,,,,24000,,,,2,,,,500,,,
905497,2016,,,,1,,,,0,,,,0,,,,0,,,,0,,,,4,,,,,,,,2,,,,10,,,,36000,,,,4.8,,,,34950,,,,1,,,,4370,,,
905635,2016,,,,1,,,,0,,,,0,,,,0,,,,0,,,,1,,,,,,,,2,,,,5,,,,20000,,,,5,,,,18000,,,,1,,,,2000,,,
905729,2016,,,,0,,,,0,,,,0,,,,0,,,,1,,,,1,,,,,,,,2,,,,4,,,,22000,,,,2,,,,20000,,,,1,,,,2400,,,
905836,2009,,,,0,,,,1,,,,0,,,,0,,,,0,,,,4,,,,,,,,2,,,,10,,,,30000,,,,6,,,,8640,,,,1,,,,5760,,,
905851,2015,,,,0,,,,1,,,,0,,,,0,,,,0,,,,1,,,,,,,,2,,,,3,,,,10450,,,,5,,,,3195,,,,1,,,,3485,,,
906438,2014,,,,0,,,,0,,,,0,,,,1,,,,0,,,,1,,,,1,,,,2,,,,5,,,,10000,,,,5,,,,5800,,,,1,,,,2000,,,
906690,2016,,,,1,,,,0,,,,0,,,,0,,,,0,,,,1,,,,,,,,2,,,,5,,,,7000,,,,0.3,,,,6000,,,,1,,,,1500,,,
907434,2015,,,,0,,,,0,,,,0,,,,1,,,,0,,,,1,,,,1,,,,2,,,,4,,,,13000,,,,1.2,,,,9000,,,,1,,,,3660,,,
907570,2015,,,,1,,,,0,,,,0,,,,0,,,,0,,,,1,,,,,,,,2,,,,5,,,,10000,,,,7,,,,7000,,,,2,,,,5000,,,
908519,2016,,,,0,,,,0,,,,0,,,,1,,,,0,,,,1,,,,1,,,,2,,,,3,,,,3000,,,,,,,,3000,,,,3,,,,,,,
908553,2016,,,,0,,,,0,,,,0,,,,1,,,,0,,,,1,,,,1,,,,1,,,,2,,,,5000,,,,4,,,,2500,,,,1,,,,2500,,,
909705,2015,,,,1,,,,0,,,,0,,,,0,,,,0,,,,1,,,,,,,,2,,,,5,,,,35000,,,,2.75,,,,25000,,,,1,,,,7000,,,
909794,2016,,,,0,,,,0,,,,0,,,,1,,,,0,,,,1,,,,1,,,,2,,,,3,,,,14500,,,,6,,,,10900,,,,1,,,,3600,,,
909802,2016,,,,0,,,,0,,,,0,,,,1,,,,0,,,,2,,,,1,,,,2,,,,2,,,,2400,,,,,,,,1200,,,,3,,,,1200,,,
909847,2016,,,,1,,,,0,,,,0,,,,0,,,,0,,,,1,,,,,,,,1,,,,2,,,,2000,,,,2,,,,1000,,,,1,,,,1000,,,
909951,2015,,,,1,,,,0,,,,0,,,,0,,,,0,,,,2,,,,,,,,2,,,,2,,,,4000,,,,2,,,,51,,,,1,,,,2000,,,
910010,2016,,,,1,,,,0,,,,0,,,,0,,,,0,,,,1,,,,,,,,2,,,,5,,,,10000,,,,6,,,,9000,,,,1,,,,1300,,,
910042,2008,,,,0,,,,0,,,,0,,,,0,,,,1,,,,5,,,,,,,,2,,,,10,,,,40000,,,,3.25,,,,4000,,,,2,,,,2800,,,
910164,2015,,,,1,,,,0,,,,0,,,,0,,,,0,,,,1,,,,,,,,2,,,,6,,,,15000,,,,0.2,,,,12000,,,,1,,,,3000,,,
910274,2016,2013,,,1,1,,,0,0,,,0,0,,,0,0,,,0,0,,,1,1,,,,,,,2,2,,,10,5,,,124000,13000,,,7,6,,,118000,3000,,,1,1,,,2400,2760,,
910420,2016,,,,0,,,,0,,,,0,,,,0,,,,1,,,,2,,,,,,,,2,,,,4,,,,6000,,,,,,,,5300,,,,3,,,,900,,,
910459,2013,,,,1,,,,0,,,,0,,,,0,,,,0,,,,1,,,,,,,,2,,,,5,,,,14000,,,,6.7,,,,5600,,,,1,,,,2800,,,
910503,2012,,,,1,,,,0,,,,0,,,,0,,,,0,,,,1,,,,,,,,2,,,,4,,,,17000,,,,5.6,,,,1000,,,,1,,,,3840,,,
910513,2014,,,,1,,,,0,,,,0,,,,0,,,,0,,,,1,,,,,,,,2,,,,5,,,,10000,,,,5.3,,,,280,,,,1,,,,3360,,,
910555,2015,,,,0,,,,0,,,,0,,,,1,,,,0,,,,1,,,,1,,,,2,,,,5,,,,8000,,,,5,,,,6000,,,,1,,,,2040,,,
910632,2015,,,,0,,,,0,,,,0,,,,0,,,,1,,,,1,,,,,,,,2,,,,10,,,,10000,,,,0.9,,,,9000,,,,1,,,,2000,,,
910804,2013,,,,1,,,,0,,,,0,,,,0,,,,0,,,,1,,,,,,,,2,,,,4,,,,11000,,,,6.9,,,,280,,,,1,,,,3300,,,
910816,2014,,,,1,,,,0,,,,0,,,,0,,,,0,,,,1,,,,,,,,2,,,,4,,,,10000,,,,5.9,,,,5500,,,,1,,,,3800,,,
910873,2015,,,,0,,,,0,,,,0,,,,1,,,,0,,,,1,,,,1,,,,2,,,,5,,,,16000,,,,6,,,,10500,,,,1,,,,4200,,,
910874,2016,,,,0,,,,0,,,,0,,,,1,,,,0,,,,2,,,,1,,,,2,,,,3,,,,3500,,,,,,,,2000,,,,3,,,,1300,,,
910943,2014,,,,0,,,,0,,,,0,,,,1,,,,0,,,,2,,,,1,,,,2,,,,4,,,,14000,,,,6.5,,,,7200,,,,1,,,,4200,,,
911125,2008,2009,,,0,0,,,0,0,,,0,0,,,1,1,,,0,0,,,4,4,,,2,2,,,2,1,,,10,10,,,8000,8000,,,2,2,,,2000,3000,,,2,2,,,2400,2400,,
911175,2016,,,,0,,,,0,,,,0,,,,0,,,,1,,,,1,,,,,,,,2,,,,10,,,,30000,,,,7,,,,28000,,,,1,,,,3000,,,
911219,2016,,,,0,,,,0,,,,0,,,,1,,,,0,,,,1,,,,1,,,,2,,,,3,,,,12000,,,,7,,,,12000,,,,1,,,,1500,,,
911248,2014,,,,1,,,,0,,,,0,,,,0,,,,0,,,,1,,,,,,,,2,,,,4,,,,10000,,,,,,,,5000,,,,3,,,,2400,,,
911445,2016,,,,0,,,,0,,,,0,,,,1,,,,0,,,,1,,,,1,,,,2,,,,5,,,,10000,,,,0.6,,,,8333,,,,1,,,,1666,,,
911547,2016,2016,,,0,0,,,0,0,,,0,0,,,1,1,,,0,0,,,2,2,,,1,1,,,2,2,,,2,2,,,300,800,,,,,,,60,120,,,3,3,,,240,600,,
911751,2012,,,,0,,,,0,,,,0,,,,1,,,,0,,,,4,,,,1,,,,1,,,,7,,,,10000,,,,12,,,,7000,,,,1,,,,2000,,,
911901,2014,,,,1,,,,0,,,,0,,,,0,,,,0,,,,1,,,,,,,,2,,,,2,,,,3000,,,,3,,,,0,,,,1,,,,1440,,,
911977,2016,,,,0,,,,0,,,,0,,,,1,,,,0,,,,5,,,,1,,,,2,,,,4,,,,14000,,,,6,,,,14000,,,,1,,,,700,,,
912001,2016,,,,0,,,,0,,,,0,,,,1,,,,0,,,,2,,,,1,,,,1,,,,12,,,,600,,,,,,,,200,,,,3,,,,400,,,
912017,2014,,,,0,,,,0,,,,0,,,,1,,,,0,,,,1,,,,1,,,,1,,,,3,,,,8000,,,,6,,,,3000,,,,1,,,,2000,,,
912022,2014,,,,0,,,,0,,,,0,,,,1,,,,0,,,,1,,,,1,,,,1,,,,4,,,,30000,,,,6.5,,,,8000,,,,1,,,,8000,,,
912104,2016,,,,0,,,,0,,,,0,,,,1,,,,0,,,,1,,,,1,,,,2,,,,5,,,,8000,,,,,,,,6800,,,,3,,,,1300,,,
912154,2014,,,,0,,,,0,,,,0,,,,0,,,,1,,,,4,,,,,,,,1,,,,8,,,,30000,,,,,,,,21000,,,,3,,,,3960,,,
912274,2016,,,,0,,,,1,,,,0,,,,0,,,,0,,,,4,,,,,,,,2,,,,2,,,,2000,,,,0.2,,,,1100,,,,1,,,,990,,,
912292,2015,,,,0,,,,0,,,,0,,,,0,,,,1,,,,2,,,,,,,,2,,,,3,,,,2700,,,,6,,,,1400,,,,1,,,,1300,,,
912591,2014,,,,0,,,,0,,,,0,,,,1,,,,0,,,,1,,,,1,,,,2,,,,3,,,,14000,,,,5,,,,50,,,,1,,,,3000,,,
912680,2016,,,,1,,,,0,,,,0,,,,0,,,,0,,,,1,,,,,,,,2,,,,4,,,,25000,,,,0.8,,,,10000,,,,1,,,,5300,,,
912716,2016,,,,1,,,,0,,,,0,,,,0,,,,0,,,,1,,,,,,,,2,,,,3,,,,8000,,,,3,,,,8000,,,,1,,,,1200,,,
912906,2014,,,,1,,,,0,,,,0,,,,0,,,,0,,,,1,,,,,,,,1,,,,5,,,,25000,,,,3.5,,,,10000,,,,1,,,,6000,,,
912926,2015,,,,1,,,,0,,,,0,,,,0,,,,0,,,,1,,,,,,,,2,,,,5,,,,12000,,,,,,,,9600,,,,3,,,,2040,,,
912938,2013,,,,0,,,,0,,,,0,,,,1,,,,0,,,,1,,,,1,,,,3,,,,7,,,,18000,,,,5,,,,9000,,,,1,,,,3300,,,
913028,2015,2016,,,0,0,,,0,0,,,0,0,,,1,1,,,0,0,,,2,4,,,1,1,,,2,2,,,7,5,,,22000,4000,,,8,,,,16000,4000,,,1,3,,,3600,760,,
913046,2016,,,,0,,,,0,,,,0,,,,1,,,,0,,,,4,,,,1,,,,2,,,,2,,,,600,,,,,,,,300,,,,3,,,,600,,,
913161,2014,,,,0,,,,0,,,,0,,,,1,,,,0,,,,1,,,,1,,,,2,,,,4,,,,12000,,,,7,,,,4000,,,,1,,,,3600,,,
913313,2016,,,,0,,,,0,,,,0,,,,1,,,,0,,,,1,,,,1,,,,2,,,,4,,,,6000,,,,3,,,,4000,,,,1,,,,2000,,,
913582,2016,,,,0,,,,0,,,,0,,,,1,,,,0,,,,1,,,,1,,,,2,,,,4,,,,9500,,,,2.9,,,,9000,,,,1,,,,500,,,
913588,2015,,,,0,,,,0,,,,0,,,,1,,,,0,,,,1,,,,1,,,,2,,,,3,,,,12000,,,,1.5,,,,8000,,,,1,,,,4500,,,
913632,2016,,,,0,,,,0,,,,0,,,,1,,,,0,,,,1,,,,1,,,,2,,,,5,,,,6000,,,,7.28,,,,6000,,,,1,,,,1692,,,
914169,2013,,,,0,,,,0,,,,0,,,,1,,,,0,,,,1,,,,1,,,,2,,,,4,,,,13000,,,,3.5,,,,1500,,,,1,,,,3000,,,
914333,2016,,,,0,,,,0,,,,0,,,,1,,,,0,,,,1,,,,1,,,,2,,,,4,,,,10000,,,,,,,,7030,,,,3,,,,2970,,,
914410,2013,,,,0,,,,0,,,,0,,,,1,,,,0,,,,1,,,,1,,,,2,,,,4,,,,8500,,,,,,,,2376,,,,3,,,,2376,,,
914508,2016,,,,1,,,,0,,,,0,,,,0,,,,0,,,,1,,,,,,,,2,,,,4,,,,8000,,,,2.3,,,,7200,,,,1,,,,800,,,
914551,2016,,,,0,,,,0,,,,0,,,,1,,,,0,,,,1,,,,1,,,,2,,,,5,,,,10000,,,,8.3,,,,9500,,,,1,,,,500,,,
914657,2015,2011,,,1,0,,,0,0,,,0,0,,,0,1,,,0,0,,,1,2,,,,1,,,1,1,,,8,10,,,6000,20000,,,2,6,,,4000,14000,,,1,1,,,1400,3120,,
914667,2014,,,,1,,,,0,,,,0,,,,0,,,,0,,,,1,,,,,,,,2,,,,7,,,,28000,,,,7,,,,16000,,,,1,,,,4000,,,
914706,2015,,,,0,,,,0,,,,0,,,,0,,,,1,,,,4,,,,,,,,2,,,,5,,,,15000,,,,7,,,,13000,,,,1,,,,3500,,,
914715,2015,,,,0,,,,0,,,,0,,,,1,,,,0,,,,4,,,,1,,,,2,,,,5,,,,5000,,,,6,,,,3600,,,,2,,,,1500,,,
914717,2009,,,,0,,,,0,,,,0,,,,1,,,,0,,,,4,,,,1,,,,2,,,,10,,,,15000,,,,9,,,,6000,,,,1,,,,1500,,,
914894,2015,,,,0,,,,0,,,,0,,,,1,,,,0,,,,1,,,,1,,,,2,,,,5,,,,14000,,,,5,,,,11300,,,,1,,,,2300,,,
914900,2011,,,,0,,,,0,,,,0,,,,1,,,,0,,,,1,,,,1,,,,2,,,,7,,,,25000,,,,5,,,,5000,,,,1,,,,3300,,,
914966,2013,,,,0,,,,0,,,,0,,,,1,,,,0,,,,1,,,,2,,,,2,,,,5,,,,10000,,,,6,,,,6000,,,,1,,,,2000,,,
914984,2016,,,,0,,,,0,,,,0,,,,1,,,,0,,,,1,,,,1,,,,2,,,,4,,,,12000,,,,3.2,,,,10000,,,,1,,,,2200,,,
915006,2016,,,,1,,,,0,,,,0,,,,0,,,,0,,,,1,,,,,,,,1,,,,1,,,,12000,,,,2,,,,6000,,,,1,,,,1100,,,
915017,2016,,,,0,,,,0,,,,0,,,,1,,,,0,,,,1,,,,1,,,,1,,,,2,,,,5000,,,,3,,,,2300,,,,1,,,,2700,,,
915072,2015,,,,0,,,,0,,,,0,,,,1,,,,0,,,,1,,,,1,,,,2,,,,5,,,,15000,,,,6,,,,10000,,,,1,,,,3000,,,
915175,2015,,,,1,,,,0,,,,0,,,,0,,,,0,,,,1,,,,,,,,2,,,,4,,,,8000,,,,5.5,,,,3500,,,,1,,,,2400,,,
915250,2015,,,,0,,,,0,,,,0,,,,1,,,,0,,,,1,,,,1,,,,2,,,,5,,,,10000,,,,11,,,,10000,,,,1,,,,5000,,,
915320,2013,,,,0,,,,0,,,,0,,,,1,,,,0,,,,1,,,,1,,,,2,,,,4,,,,10000,,,,3,,,,3000,,,,2,,,,3600,,,
915421,2016,,,,1,,,,0,,,,0,,,,0,,,,0,,,,2,,,,,,,,2,,,,2,,,,4000,,,,2,,,,3000,,,,2,,,,1400,,,
915433,2016,,,,1,,,,0,,,,0,,,,0,,,,0,,,,2,,,,,,,,2,,,,5,,,,1000,,,,2,,,,800,,,,2,,,,1800,,,
915558,2014,,,,1,,,,0,,,,0,,,,0,,,,0,,,,4,,,,,,,,2,,,,5,,,,6000,,,,2.4,,,,1000,,,,2,,,,2400,,,
915746,2015,,,,0,,,,0,,,,0,,,,1,,,,0,,,,1,,,,1,,,,2,,,,5,,,,12000,,,,6,,,,8000,,,,1,,,,3200,,,
915882,2010,,,,0,,,,0,,,,0,,,,1,,,,0,,,,4,,,,1,,,,2,,,,10,,,,20000,,,,4,,,,15000,,,,1,,,,2400,,,
916012,2015,2015,,,1,1,,,0,0,,,0,0,,,0,0,,,0,0,,,1,1,,,,,,,2,2,,,4,8,,,6000,15000,,,7.4,8,,,4500,12000,,,1,1,,,2000,2400,,
916072,2013,,,,0,,,,0,,,,0,,,,1,,,,0,,,,2,,,,1,,,,2,,,,7,,,,15000,,,,,,,,7000,,,,3,,,,3000,,,
916149,2016,2015,2014,,0,0,0,,0,0,0,,0,0,0,,1,1,1,,0,0,0,,2,2,2,,1,1,1,,1,2,2,,2,2,2,,1600,900,500,,,,,,1300,400,0,,3,3,3,,,560,,
916199,2016,,,,1,,,,0,,,,0,,,,0,,,,0,,,,1,,,,,,,,2,,,,5,,,,9000,,,,4.5,,,,7000,,,,1,,,,2000,,,
916205,2016,,,,0,,,,0,,,,0,,,,1,,,,0,,,,1,,,,1,,,,2,,,,1,,,,3000,,,,0,,,,2600,,,,1,,,,,,,
916344,2014,,,,0,,,,0,,,,0,,,,1,,,,0,,,,4,,,,1,,,,1,,,,10,,,,19000,,,,2.5,,,,13000,,,,1,,,,3924,,,
916406,2014,,,,0,,,,0,,,,0,,,,1,,,,0,,,,4,,,,1,,,,2,,,,5,,,,30000,,,,2.5,,,,15000,,,,1,,,,4560,,,
916466,2014,,,,0,,,,0,,,,0,,,,1,,,,0,,,,1,,,,1,,,,2,,,,7,,,,24000,,,,6.5,,,,17000,,,,1,,,,3360,,,
916491,2016,,,,1,,,,0,,,,0,,,,0,,,,0,,,,1,,,,,,,,2,,,,4,,,,10000,,,,6,,,,9750,,,,1,,,,2250,,,
916499,2009,,,,0,,,,0,,,,0,,,,1,,,,0,,,,1,,,,1,,,,1,,,,8,,,,13000,,,,3,,,,5890,,,,1,,,,2280,,,
916562,2015,,,,0,,,,0,,,,0,,,,1,,,,0,,,,1,,,,1,,,,2,,,,6,,,,13500,,,,,,,,11200,,,,3,,,,2300,,,
916612,2016,,,,0,,,,0,,,,0,,,,1,,,,0,,,,2,,,,1,,,,2,,,,1,,,,990,,,,0,,,,790,,,,1,,,,500,,,
916619,2016,,,,0,,,,0,,,,0,,,,1,,,,0,,,,1,,,,1,,,,2,,,,2,,,,5200,,,,2,,,,4500,,,,1,,,,690,,,
916625,2015,,,,0,,,,0,,,,0,,,,1,,,,0,,,,1,,,,1,,,,2,,,,5,,,,12000,,,,4,,,,6000,,,,1,,,,3600,,,
916642,2016,2012,2016,,0,0,0,,0,0,0,,0,0,0,,1,1,1,,0,0,0,,1,4,5,,1,1,1,,2,2,2,,3,15,1,,12000,30000,5000,,3.95,2.5,1,,11000,17000,3600,,1,1,1,,1040,2976,930,
916716,2015,,,,0,,,,0,,,,0,,,,0,,,,1,,,,1,,,,,,,,2,,,,3,,,,7000,,,,8.93,,,,5000,,,,1,,,,3800,,,
916731,2013,,,,0,,,,0,,,,0,,,,1,,,,0,,,,1,,,,1,,,,2,,,,4,,,,6000,,,,1.75,,,,200,,,,2,,,,2388,,,
916738,2007,,,,0,,,,0,,,,0,,,,0,,,,1,,,,4,,,,,,,,2,,,,15,,,,38000,,,,3,,,,13500,,,,1,,,,2707,,,
916805,2016,,,,0,,,,0,,,,0,,,,1,,,,0,,,,2,,,,1,,,,2,,,,2,,,,3000,,,,,,,,2000,,,,3,,,,1000,,,
916819,2016,,,,0,,,,0,,,,0,,,,1,,,,0,,,,1,,,,1,,,,2,,,,5,,,,18000,,,,6.8,,,,16000,,,,1,,,,2100,,,
916822,2016,,,,0,,,,0,,,,0,,,,1,,,,0,,,,1,,,,1,,,,2,,,,3,,,,20000,,,,3.5,,,,19000,,,,1,,,,1000,,,
917218,2015,2014,,,0,1,,,0,0,,,0,0,,,1,0,,,0,0,,,1,1,,,1,,,,2,2,,,4,6,,,10000,10000,,,2,10.99,,,5000,8000,,,1,1,,,3140,1100,,
917227,2015,,,,1,,,,0,,,,0,,,,0,,,,0,,,,1,,,,,,,,1,,,,5,,,,20000,,,,4.5,,,,15000,,,,1,,,,6000,,,
917295,2016,,,,0,,,,0,,,,0,,,,1,,,,0,,,,1,,,,1,,,,2,,,,2,,,,5000,,,,2.99,,,,3500,,,,1,,,,2800,,,
917390,2015,,,,1,,,,0,,,,0,,,,0,,,,0,,,,1,,,,,,,,2,,,,2,,,,5000,,,,2,,,,1500,,,,1,,,,2000,,,
917789,2015,,,,0,,,,0,,,,0,,,,1,,,,0,,,,1,,,,1,,,,2,,,,5,,,,10000,,,,,,,,7500,,,,3,,,,2000,,,
917976,2016,,,,1,,,,0,,,,0,,,,0,,,,0,,,,1,,,,,,,,2,,,,3,,,,5000,,,,7,,,,4300,,,,1,,,,700,,,
918084,2014,,,,1,,,,0,,,,0,,,,0,,,,0,,,,1,,,,,,,,2,,,,5,,,,10000,,,,8,,,,6500,,,,1,,,,2400,,,
918146,2012,,,,0,,,,0,,,,0,,,,1,,,,0,,,,1,,,,1,,,,2,,,,5,,,,5000,,,,5.6,,,,1000,,,,1,,,,1100,,,
918355,2014,,,,0,,,,0,,,,0,,,,1,,,,0,,,,1,,,,1,,,,2,,,,5,,,,10000,,,,6.28,,,,5000,,,,1,,,,2400,,,
918361,2016,,,,1,,,,0,,,,0,,,,0,,,,0,,,,1,,,,,,,,2,,,,4,,,,10000,,,,,,,,9000,,,,3,,,,1000,,,
918476,2014,2016,,,0,0,,,0,0,,,0,0,,,1,1,,,0,0,,,1,1,,,1,1,,,2,2,,,4,2,,,12000,2200,,,,,,,6000,1600,,,3,3,,,3000,600,,
918576,2016,,,,0,,,,0,,,,0,,,,1,,,,0,,,,4,,,,1,,,,2,,,,1,,,,4400,,,,,,,,2000,,,,3,,,,2000,,,
918616,2016,2016,,,0,0,,,0,0,,,0,0,,,1,1,,,0,0,,,1,2,,,1,1,,,2,2,,,2,2,,,5000,1600,,,,,,,4600,1120,,,3,3,,,4000,580,,
918674,2015,,,,0,,,,0,,,,0,,,,0,,,,1,,,,1,,,,,,,,2,,,,5,,,,25000,,,,5.2,,,,20000,,,,1,,,,2500,,,
918720,2015,,,,1,,,,0,,,,0,,,,0,,,,0,,,,1,,,,,,,,2,,,,4,,,,19000,,,,4,,,,5400,,,,1,,,,2760,,,
918815,2014,,,,0,,,,0,,,,0,,,,1,,,,0,,,,1,,,,1,,,,2,,,,3,,,,16000,,,,6,,,,12000,,,,1,,,,6000,,,
918816,2013,2015,,,0,0,,,0,0,,,0,0,,,1,1,,,0,0,,,1,4,,,1,1,,,1,2,,,5,2,,,11800,2000,,,8,7,,,3346,291,,,1,1,,,2868,1164,,
918853,2013,2013,,,0,0,,,0,0,,,0,0,,,1,1,,,0,0,,,2,3,,,1,1,,,2,2,,,3,4,,,1800,10000,,,,5,,,350,500,,,3,1,,,650,3000,,
918922,2016,,,,0,,,,0,,,,0,,,,1,,,,0,,,,1,,,,1,,,,2,,,,2,,,,7000,,,,2.1,,,,4000,,,,1,,,,3800,,,
918997,2016,,,,0,,,,0,,,,0,,,,1,,,,0,,,,1,,,,1,,,,2,,,,4,,,,8000,,,,5.9,,,,8000,,,,1,,,,600,,,
919139,2016,,,,0,,,,0,,,,0,,,,1,,,,0,,,,1,,,,1,,,,2,,,,3,,,,7000,,,,,,,,6200,,,,3,,,,800,,,
919320,2015,,,,0,,,,0,,,,0,,,,1,,,,0,,,,1,,,,1,,,,2,,,,5,,,,10000,,,,6.8,,,,6000,,,,1,,,,2500,,,
919354,2016,,,,1,,,,0,,,,0,,,,0,,,,0,,,,1,,,,,,,,1,,,,3,,,,10000,,,,5,,,,50,,,,1,,,,2500,,,
919446,2016,,,,0,,,,0,,,,0,,,,1,,,,0,,,,1,,,,1,,,,2,,,,4,,,,8000,,,,5.6,,,,7000,,,,1,,,,4000,,,
919451,2016,,,,0,,,,0,,,,0,,,,1,,,,0,,,,4,,,,1,,,,2,,,,1,,,,2500,,,,,,,,1500,,,,3,,,,1000,,,
919516,2013,,,,0,,,,0,,,,0,,,,1,,,,0,,,,1,,,,1,,,,2,,,,5,,,,7000,,,,6,,,,2100,,,,1,,,,2100,,,
919527,2014,,,,0,,,,0,,,,0,,,,1,,,,0,,,,4,,,,2,,,,1,,,,10,,,,22000,,,,8,,,,20000,,,,1,,,,3000,,,
919631,2016,,,,1,,,,0,,,,0,,,,0,,,,0,,,,1,,,,,,,,2,,,,3,,,,7000,,,,7,,,,2500,,,,1,,,,2550,,,
919643,2016,,,,1,,,,0,,,,0,,,,0,,,,0,,,,1,,,,,,,,2,,,,4,,,,4000,,,,,,,,3000,,,,3,,,,1000,,,
919686,2015,,,,0,,,,0,,,,0,,,,1,,,,0,,,,1,,,,1,,,,2,,,,7,,,,8000,,,,6,,,,5000,,,,2,,,,1500,,,
919766,2016,,,,1,,,,0,,,,0,,,,0,,,,0,,,,1,,,,,,,,2,,,,2,,,,4000,,,,,,,,3000,,,,3,,,,1000,,,
919814,2016,,,,0,,,,0,,,,0,,,,1,,,,0,,,,1,,,,1,,,,2,,,,3,,,,7000,,,,6,,,,6800,,,,1,,,,600,,,
919849,2012,,,,0,,,,0,,,,0,,,,1,,,,0,,,,3,,,,2,,,,2,,,,10,,,,22000,,,,5,,,,13000,,,,1,,,,3000,,,
919866,2014,,,,0,,,,0,,,,0,,,,1,,,,0,,,,1,,,,1,,,,2,,,,4,,,,9000,,,,4.9,,,,3100,,,,1,,,,2760,,,
919997,2016,,,,1,,,,0,,,,0,,,,0,,,,0,,,,1,,,,,,,,2,,,,3,,,,7000,,,,2,,,,6000,,,,1,,,,1000,,,
920360,2016,,,,0,,,,0,,,,0,,,,1,,,,0,,,,1,,,,1,,,,2,,,,4,,,,4000,,,,4,,,,3400,,,,1,,,,1600,,,
920368,2014,,,,1,,,,0,,,,0,,,,0,,,,0,,,,1,,,,,,,,2,,,,3,,,,10000,,,,5,,,,3000,,,,1,,,,3800,,,
920382,1997,,,,0,,,,0,,,,0,,,,1,,,,0,,,,4,,,,2,,,,2,,,,20,,,,50000,,,,10.18,,,,3264,,,,1,,,,5000,,,
920515,2015,,,,1,,,,0,,,,0,,,,0,,,,0,,,,1,,,,,,,,2,,,,4,,,,18000,,,,5,,,,12000,,,,1,,,,3500,,,
920523,2009,,,,0,,,,0,,,,0,,,,1,,,,0,,,,4,,,,2,,,,2,,,,10,,,,9000,,,,4,,,,1700,,,,1,,,,1680,,,
920682,2015,,,,1,,,,0,,,,0,,,,0,,,,0,,,,1,,,,,,,,2,,,,5,,,,10000,,,,5.8,,,,8900,,,,1,,,,1900,,,
920693,2015,,,,1,,,,0,,,,0,,,,0,,,,0,,,,1,,,,,,,,2,,,,5,,,,12500,,,,6.9,,,,10000,,,,1,,,,1900,,,
920749,2016,,,,1,,,,0,,,,0,,,,0,,,,0,,,,1,,,,,,,,2,,,,4,,,,8000,,,,2,,,,7000,,,,1,,,,1300,,,
920916,2016,,,,1,,,,0,,,,0,,,,0,,,,0,,,,1,,,,,,,,2,,,,10,,,,10000,,,,4,,,,10000,,,,1,,,,,,,
920981,2014,,,,0,,,,0,,,,0,,,,1,,,,0,,,,2,,,,1,,,,2,,,,3,,,,1500,,,,5,,,,600,,,,1,,,,600,,,
921005,2013,,,,1,,,,0,,,,0,,,,0,,,,0,,,,1,,,,,,,,2,,,,6,,,,32000,,,,6,,,,12000,,,,1,,,,5412,,,
921322,2014,,,,0,,,,0,,,,0,,,,1,,,,0,,,,4,,,,1,,,,2,,,,10,,,,20000,,,,8,,,,20000,,,,1,,,,4000,,,
921370,2012,,,,0,,,,0,,,,0,,,,1,,,,0,,,,4,,,,1,,,,1,,,,5,,,,15000,,,,5,,,,5000,,,,1,,,,3000,,,
921387,2012,,,,0,,,,0,,,,0,,,,1,,,,0,,,,1,,,,1,,,,2,,,,5,,,,8000,,,,5,,,,2000,,,,1,,,,1800,,,
921860,2015,,,,0,,,,0,,,,0,,,,1,,,,0,,,,4,,,,1,,,,2,,,,5,,,,15000,,,,9.2,,,,9000,,,,1,,,,3240,,,
921882,2014,2016,,,0,0,,,0,0,,,0,0,,,0,0,,,1,1,,,4,4,,,,,,,2,2,,,4,10,,,11040,25000,,,7.2,7.6,,,3490,22500,,,1,1,,,2760,3240,,
921904,2014,,,,1,,,,0,,,,0,,,,0,,,,0,,,,1,,,,,,,,2,,,,4,,,,12000,,,,7.1,,,,3000,,,,1,,,,3000,,,
921905,2015,,,,1,,,,0,,,,0,,,,0,,,,0,,,,2,,,,,,,,2,,,,2,,,,1200,,,,6.9,,,,300,,,,1,,,,600,,,
922157,2014,2015,,,1,0,,,0,0,,,0,0,,,0,0,,,0,1,,,1,2,,,,,,,2,2,,,5,3,,,12000,3500,,,7.8,6.9,,,9000,2200,,,1,1,,,1600,1350,,
922181,2015,2015,,,0,0,,,0,0,,,0,0,,,1,1,,,0,0,,,1,2,,,1,1,,,2,2,,,5,3,,,10000,2400,,,6.8,7.2,,,7600,2000,,,1,1,,,2150,960,,
922204,2012,,,,1,,,,0,,,,0,,,,0,,,,0,,,,4,,,,,,,,1,,,,6,,,,55000,,,,5,,,,10000,,,,1,,,,12000,,,
922208,2013,2015,,,0,0,,,0,0,,,0,0,,,1,1,,,0,0,,,1,2,,,1,1,,,2,2,,,5,2,,,8000,2000,,,,,,,1500,1000,,,3,3,,,3000,1000,,
922237,2015,,,,0,,,,0,,,,0,,,,0,,,,1,,,,2,,,,,,,,2,,,,5,,,,3000,,,,6.8,,,,1200,,,,1,,,,1400,,,
922563,2015,,,,1,,,,0,,,,0,,,,0,,,,0,,,,2,,,,,,,,2,,,,2,,,,600,,,,4,,,,136,,,,1,,,,408,,,
922628,2015,,,,0,,,,0,,,,0,,,,1,,,,0,,,,1,,,,1,,,,2,,,,3,,,,5000,,,,6,,,,4200,,,,1,,,,2000,,,
922846,2016,,,,0,,,,0,,,,0,,,,1,,,,0,,,,2,,,,1,,,,2,,,,12,,,,2200,,,,3,,,,1180,,,,1,,,,1020,,,
922985,2015,,,,0,,,,0,,,,0,,,,1,,,,0,,,,4,,,,1,,,,2,,,,5,,,,10000,,,,5,,,,8068,,,,1,,,,1932,,,
923012,2016,,,,0,,,,0,,,,0,,,,1,,,,0,,,,1,,,,1,,,,2,,,,4,,,,30000,,,,3,,,,22000,,,,1,,,,8000,,,
923082,2016,,,,1,,,,0,,,,0,,,,0,,,,0,,,,1,,,,,,,,2,,,,4,,,,14400,,,,1.5,,,,10800,,,,1,,,,3600,,,
923129,2015,,,,1,,,,0,,,,0,,,,0,,,,0,,,,1,,,,,,,,2,,,,4,,,,18000,,,,2.9,,,,9000,,,,2,,,,4500,,,
923131,2011,,,,1,,,,0,,,,0,,,,0,,,,0,,,,1,,,,,,,,2,,,,10,,,,28300,,,,2.5,,,,11380,,,,1,,,,2820,,,
923322,2011,,,,1,,,,0,,,,0,,,,0,,,,0,,,,1,,,,,,,,2,,,,8,,,,7500,,,,1.5,,,,2900,,,,1,,,,1100,,,
923327,2016,,,,0,,,,0,,,,0,,,,1,,,,0,,,,2,,,,1,,,,2,,,,2,,,,1100,,,,,,,,1000,,,,3,,,,1000,,,
923430,2014,,,,0,,,,0,,,,0,,,,1,,,,0,,,,1,,,,1,,,,2,,,,7,,,,11000,,,,3,,,,6000,,,,1,,,,900,,,
923443,2014,2015,,,0,0,,,0,0,,,0,0,,,1,1,,,0,0,,,1,2,,,1,1,,,2,2,,,4,1,,,7700,550,,,7,,,,3200,0,,,1,3,,,2150,500,,
923533,2015,2013,,,0,0,,,0,0,,,0,0,,,0,0,,,1,1,,,4,4,,,,,,,1,2,,,9,10,,,19000,18000,,,4.5,8.5,,,19000,14000,,,1,1,,,3000,2850,,
923580,2013,,,,0,,,,0,,,,0,,,,1,,,,0,,,,2,,,,2,,,,1,,,,8,,,,20000,,,,11,,,,10000,,,,1,,,,5000,,,
923977,2013,,,,0,,,,0,,,,0,,,,1,,,,0,,,,2,,,,1,,,,2,,,,5,,,,10000,,,,15,,,,5000,,,,1,,,,5000,,,
924013,2007,,,,0,,,,0,,,,0,,,,0,,,,1,,,,1,,,,,,,,2,,,,10,,,,24000,,,,5,,,,2400,,,,1,,,,20000,,,
924134,2016,,,,1,,,,0,,,,0,,,,0,,,,0,,,,1,,,,,,,,2,,,,2,,,,3000,,,,6,,,,1680,,,,1,,,,1680,,,
924204,2016,,,,1,,,,0,,,,0,,,,0,,,,0,,,,1,,,,,,,,2,,,,5,,,,8000,,,,6,,,,8000,,,,1,,,,2124,,,
924301,2016,,,,0,,,,0,,,,0,,,,1,,,,0,,,,1,,,,1,,,,2,,,,4,,,,7000,,,,7,,,,6200,,,,1,,,,920,,,
924422,2016,2016,,,1,1,,,0,0,,,0,0,,,0,0,,,0,0,,,2,2,,,,,,,2,2,,,3,3,,,2000,1000,,,0.5,0.5,,,800,750,,,2,2,,,1500,500,,
924612,2012,,,,0,,,,0,,,,0,,,,1,,,,0,,,,4,,,,1,,,,2,,,,9,,,,20000,,,,5,,,,14000,,,,1,,,,2500,,,
924685,2016,2016,,,1,1,,,0,0,,,0,0,,,0,0,,,0,0,,,2,2,,,,,,,2,2,,,10,5,,,20000,5000,,,6.27,6.3,,,18500,4700,,,1,1,,,2300,500,,
924759,2010,,,,0,,,,1,,,,0,,,,0,,,,0,,,,5,,,,,,,,2,,,,10,,,,75000,,,,0.3,,,,27000,,,,2,,,,8000,,,
924795,2002,,,,0,,,,1,,,,0,,,,0,,,,0,,,,2,,,,,,,,2,,,,20,,,,50000,,,,5,,,,30000,,,,1,,,,4500,,,
924800,2015,2016,,,0,0,,,0,0,,,0,0,,,1,1,,,0,0,,,4,4,,,1,2,,,1,1,,,10,4,,,10000,10000,,,6,7,,,6000,8000,,,1,2,,,3356,3000,,
925074,2016,,,,1,,,,0,,,,0,,,,0,,,,0,,,,1,,,,,,,,2,,,,4,,,,10000,,,,,,,,7000,,,,3,,,,3000,,,
925284,2014,,,,1,,,,0,,,,0,,,,0,,,,0,,,,1,,,,,,,,2,,,,7,,,,25000,,,,0.5,,,,10000,,,,1,,,,6000,,,
925337,2014,,,,1,,,,0,,,,0,,,,0,,,,0,,,,1,,,,,,,,2,,,,3,,,,22000,,,,4,,,,5000,,,,1,,,,7000,,,
925365,2014,,,,1,,,,0,,,,0,,,,0,,,,0,,,,1,,,,,,,,1,,,,4,,,,20000,,,,2,,,,5000,,,,1,,,,5000,,,
925449,2012,,,,1,,,,0,,,,0,,,,0,,,,0,,,,1,,,,,,,,2,,,,5,,,,14000,,,,5.25,,,,4200,,,,1,,,,4200,,,
925487,2016,,,,0,,,,0,,,,0,,,,1,,,,0,,,,4,,,,2,,,,1,,,,7,,,,30000,,,,6.5,,,,30000,,,,1,,,,6150,,,
925502,2006,2008,,,0,0,,,0,0,,,0,0,,,1,1,,,0,0,,,4,4,,,2,2,,,2,2,,,12,15,,,15000,15000,,,6,6,,,9000,12000,,,1,1,,,3000,3200,,
925577,2013,,,,0,,,,0,,,,0,,,,0,,,,1,,,,4,,,,,,,,2,,,,5,,,,5000,,,,6,,,,4000,,,,1,,,,1560,,,
925735,2015,,,,0,,,,0,,,,0,,,,1,,,,0,,,,2,,,,1,,,,2,,,,2,,,,600,,,,3,,,,100,,,,1,,,,500,,,
925777,2016,,,,0,,,,0,,,,0,,,,1,,,,0,,,,2,,,,1,,,,2,,,,2,,,,1000,,,,10,,,,600,,,,1,,,,900,,,
925823,2013,,,,0,,,,0,,,,0,,,,1,,,,0,,,,1,,,,1,,,,2,,,,7,,,,10000,,,,7,,,,5000,,,,1,,,,2400,,,
925828,2013,,,,0,,,,0,,,,0,,,,1,,,,0,,,,1,,,,1,,,,2,,,,5,,,,10000,,,,7.5,,,,3000,,,,1,,,,2400,,,
925835,2014,,,,0,,,,0,,,,0,,,,1,,,,0,,,,4,,,,2,,,,1,,,,5,,,,20000,,,,8,,,,13000,,,,1,,,,4800,,,
926000,2014,,,,0,,,,0,,,,0,,,,1,,,,0,,,,4,,,,1,,,,2,,,,4,,,,8000,,,,2,,,,3300,,,,1,,,,2160,,,
926002,2014,,,,0,,,,0,,,,0,,,,1,,,,0,,,,2,,,,1,,,,2,,,,3,,,,5500,,,,,,,,692,,,,3,,,,2076,,,
926003,2016,,,,1,,,,0,,,,0,,,,0,,,,0,,,,2,,,,,,,,2,,,,2,,,,3000,,,,,,,,1500,,,,3,,,,1500,,,
926005,2016,,,,0,,,,0,,,,0,,,,1,,,,0,,,,3,,,,1,,,,2,,,,2,,,,2400,,,,,,,,1150,,,,3,,,,1250,,,
926007,2015,,,,0,,,,0,,,,0,,,,1,,,,0,,,,2,,,,1,,,,2,,,,2,,,,3100,,,,15,,,,2200,,,,1,,,,600,,,
926044,2016,,,,0,,,,0,,,,0,,,,1,,,,0,,,,1,,,,1,,,,2,,,,3,,,,15000,,,,5.29,,,,10000,,,,1,,,,5400,,,
926095,2016,,,,0,,,,0,,,,0,,,,1,,,,0,,,,1,,,,1,,,,2,,,,2,,,,6000,,,,10,,,,3000,,,,1,,,,2600,,,
926186,2016,,,,0,,,,0,,,,0,,,,1,,,,0,,,,1,,,,1,,,,2,,,,5,,,,12000,,,,,,,,12000,,,,3,,,,600,,,
926315,2016,,,,0,,,,0,,,,0,,,,1,,,,0,,,,1,,,,1,,,,2,,,,12,,,,2800,,,,,,,,800,,,,3,,,,1000,,,
926424,2013,,,,0,,,,0,,,,0,,,,1,,,,0,,,,4,,,,1,,,,1,,,,5,,,,12000,,,,5.9,,,,3200,,,,1,,,,2400,,,
926448,2014,,,,0,,,,0,,,,0,,,,1,,,,0,,,,4,,,,1,,,,2,,,,6,,,,20000,,,,8,,,,13000,,,,1,,,,4380,,,
926460,2016,,,,0,,,,0,,,,0,,,,1,,,,0,,,,1,,,,1,,,,1,,,,3,,,,10000,,,,6,,,,8800,,,,1,,,,1200,,,
926590,2013,,,,0,,,,0,,,,0,,,,1,,,,0,,,,2,,,,1,,,,2,,,,4,,,,20000,,,,0,,,,3000,,,,1,,,,1500,,,
926765,2015,,,,1,,,,0,,,,0,,,,0,,,,0,,,,1,,,,,,,,2,,,,6,,,,14000,,,,6,,,,12000,,,,1,,,,2000,,,
926823,2014,2015,,,0,0,,,0,0,,,0,0,,,1,1,,,0,0,,,2,4,,,1,1,,,2,2,,,4,5,,,2500,10000,,,0,0,,,1500,8000,,,1,1,,,800,2300,,
926942,2012,,,,1,,,,0,,,,0,,,,0,,,,0,,,,1,,,,,,,,2,,,,5,,,,12000,,,,1,,,,1500,,,,1,,,,1800,,,
927056,2015,,,,1,,,,0,,,,0,,,,0,,,,0,,,,1,,,,,,,,2,,,,3,,,,15000,,,,4.5,,,,4000,,,,1,,,,6000,,,
927060,2016,,,,0,,,,0,,,,0,,,,1,,,,0,,,,1,,,,1,,,,1,,,,4,,,,5000,,,,4.32,,,,3000,,,,1,,,,3000,,,
927096,2007,,,,0,,,,0,,,,0,,,,1,,,,0,,,,2,,,,2,,,,2,,,,10,,,,10000,,,,2.8,,,,900,,,,1,,,,2020,,,
927101,2016,,,,0,,,,0,,,,0,,,,1,,,,0,,,,2,,,,2,,,,2,,,,3,,,,5000,,,,,,,,2000,,,,3,,,,1350,,,
927108,2015,,,,1,,,,0,,,,0,,,,0,,,,0,,,,1,,,,,,,,1,,,,3,,,,8000,,,,3.9,,,,4000,,,,2,,,,2500,,,
927234,2013,,,,1,,,,0,,,,0,,,,0,,,,0,,,,1,,,,,,,,2,,,,4,,,,14000,,,,5.6,,,,4200,,,,1,,,,3800,,,
927356,2016,,,,0,,,,0,,,,0,,,,1,,,,0,,,,4,,,,2,,,,1,,,,4,,,,1500,,,,0.2,,,,1500,,,,1,,,,33,,,
927632,2014,,,,1,,,,0,,,,0,,,,0,,,,0,,,,1,,,,,,,,2,,,,4,,,,30000,,,,7,,,,8000,,,,1,,,,9000,,,
927693,2013,,,,0,,,,0,,,,0,,,,1,,,,0,,,,1,,,,1,,,,1,,,,5,,,,20000,,,,7.3,,,,16000,,,,1,,,,4560,,,
927696,2016,,,,0,,,,0,,,,0,,,,1,,,,0,,,,1,,,,1,,,,2,,,,3,,,,10000,,,,2.5,,,,9500,,,,1,,,,500,,,
927773,2015,,,,0,,,,0,,,,0,,,,1,,,,0,,,,2,,,,1,,,,2,,,,5,,,,10000,,,,0,,,,7000,,,,1,,,,1200,,,
927791,2015,,,,0,,,,0,,,,0,,,,1,,,,0,,,,2,,,,1,,,,2,,,,5,,,,10000,,,,0,,,,7000,,,,1,,,,2200,,,
927986,2016,,,,0,,,,0,,,,0,,,,1,,,,0,,,,1,,,,1,,,,1,,,,2,,,,6200,,,,3,,,,4500,,,,2,,,,2000,,,
928081,2015,,,,0,,,,0,,,,0,,,,1,,,,0,,,,1,,,,1,,,,2,,,,5,,,,10000,,,,5,,,,6000,,,,1,,,,2100,,,
928117,2015,2016,,,0,0,,,0,0,,,0,0,,,1,1,,,0,0,,,1,2,,,1,1,,,2,2,,,3,1,,,10000,1200,,,4.5,,,,5000,120,,,1,3,,,4000,1200,,
928174,2016,,,,0,,,,0,,,,0,,,,1,,,,0,,,,2,,,,1,,,,2,,,,3,,,,2000,,,,1,,,,1500,,,,1,,,,,,,
928178,2016,,,,0,,,,0,,,,0,,,,1,,,,0,,,,2,,,,1,,,,2,,,,2,,,,800,,,,6,,,,400,,,,1,,,,,,,
928296,2015,,,,0,,,,0,,,,0,,,,1,,,,0,,,,4,,,,1,,,,2,,,,3,,,,6000,,,,4.5,,,,2000,,,,1,,,,2000,,,
928312,2016,,,,0,,,,0,,,,0,,,,1,,,,0,,,,4,,,,1,,,,2,,,,2,,,,1500,,,,7,,,,1300,,,,1,,,,600,,,
928316,2012,2016,,,0,0,,,0,0,,,0,0,,,1,1,,,0,0,,,2,4,,,1,1,,,2,2,,,6,3,,,4000,1500,,,6,,,,2500,800,,,1,3,,,800,,,
928338,2016,,,,0,,,,0,,,,0,,,,1,,,,0,,,,2,,,,1,,,,2,,,,4,,,,6000,,,,7.15,,,,4500,,,,1,,,,2040,,,
928366,2016,,,,0,,,,0,,,,0,,,,0,,,,1,,,,1,,,,,,,,2,,,,3,,,,23000,,,,4,,,,20000,,,,1,,,,3000,,,
928503,2015,,,,0,,,,0,,,,0,,,,1,,,,0,,,,1,,,,1,,,,2,,,,4,,,,10000,,,,5.8,,,,6000,,,,1,,,,2640,,,
928508,2008,,,,0,,,,0,,,,0,,,,1,,,,0,,,,1,,,,1,,,,1,,,,10,,,,72000,,,,13,,,,16000,,,,1,,,,7200,,,
928512,2015,2006,,,0,0,,,0,0,,,0,0,,,1,1,,,0,0,,,4,4,,,1,1,,,1,2,,,3,15,,,5000,20000,,,1.5,2.5,,,1000,6000,,,1,1,,,2000,1400,,
